"p_val","avg_log2FC","pct.1","pct.2","p_val_adj","gene","diffexpressed"
1.74674386875975e-112,-1.19389158453882,0.324,0.621,4.27445692124199e-108,"SPARC","Up in Core"
8.80153815825072e-109,-1.17391600744636,0.37,0.651,2.15382440270553e-104,"COL1A2","Up in Core"
3.73698542529063e-107,-1.33931536504616,0.389,0.66,9.14477703422869e-103,"COL1A1","Up in Core"
3.2049566218568e-102,-1.21234682677792,0.311,0.591,7.84284934934579e-98,"LUM","Up in Core"
5.64219283469873e-102,-1.31056544519108,0.358,0.622,1.38070100857913e-97,"IGFBP7","Up in Core"
2.42164856811303e-101,-1.19150818059902,0.348,0.627,5.92601621102939e-97,"COL3A1","Up in Core"
3.44651560550622e-94,-1.49566783679156,0.218,0.475,8.43396833823426e-90,"BGN","Up in Core"
1.50072549374105e-89,-1.2704520862486,0.242,0.503,3.67242535573372e-85,"RARRES2","Up in Core"
8.10647788642432e-88,-1.0608579786365,0.244,0.507,1.98373620358689e-83,"FN1","Up in Core"
6.66116118520155e-85,-1.15471865631397,0.245,0.5,1.63005275363067e-80,"TAGLN","Up in Core"
1.2780162375535e-83,-1.23280167134504,0.194,0.437,3.12743353491718e-79,"CTHRC1","Up in Core"
3.68453361533553e-83,-1.4034961193629,0.441,0.676,9.01642221008756e-79,"VIM","Up in Core"
1.07367142091427e-81,-1.32607055657701,0.204,0.449,2.62738133411931e-77,"ACTA2","Up in Core"
4.02890351635205e-81,-1.07170223249475,0.016,0.16,9.8591297948651e-77,"IGLC7","Up in Core"
1.0532440281941e-79,-1.47641068803218,0.199,0.427,2.57739346139378e-75,"NNMT","Up in Core"
8.37589062113783e-78,-1.01801811952644,0.585,0.771,2.04966419389864e-73,"LGALS1","Up in Core"
8.12883201985879e-77,-1.12297151787697,0.246,0.486,1.98920648357964e-72,"TPM2","Up in Core"
1.0405437271793e-76,-1.20229654029277,0.193,0.426,2.54631455478046e-72,"COL6A3","Up in Core"
6.55349716900786e-75,-1.22182742941265,0.193,0.422,1.60370629222791e-70,"MMP2","Up in Core"
1.32639769821179e-74,-1.03540199598939,0.256,0.491,3.24582780729406e-70,"MYL9","Up in Core"
3.04826083562966e-74,-1.1322940038257,0.181,0.409,7.45939909086934e-70,"AEBP1","Up in Core"
1.77891710254708e-71,-1.21760271961451,0.265,0.486,4.35318804164295e-67,"DCN","Up in Core"
3.57973167180192e-71,-1.10872104558604,0.198,0.419,8.75996137406648e-67,"TIMP3","Up in Core"
4.40363428438614e-71,-0.923644425171281,0.197,0.423,1.07761334573213e-66,"COL6A2","Up in Core"
2.74105041966311e-70,-1.20132186268581,0.153,0.369,6.7076244819576e-66,"COL5A1","Up in Core"
2.11053755575606e-69,-2.02534848005151,0.093,0.277,5.16469645269066e-65,"COMP","Up in Core"
9.18834598008896e-69,-1.41887785456162,0.149,0.358,2.24848014478757e-64,"POSTN","Up in Core"
4.1104493826542e-67,-1.05069842316867,0.223,0.444,1.00586806842931e-62,"CALD1","Up in Core"
8.31866700163638e-66,-1.05664498001081,0.17,0.382,2.03566100197044e-61,"COL5A2","Up in Core"
1.01499427868666e-65,-1.22976533066902,0.155,0.36,2.48379249937412e-61,"THBS2","Up in Core"
1.21835244589793e-63,-1.79372730129949,0.122,0.308,2.98143027035683e-59,"IGFBP5","Up in Core"
1.32400807412168e-63,0.519222935797598,0.333,0.616,3.23998015818316e-59,"IGLC2","Up in Border"
2.38040818181865e-63,-1.2368750627824,0.174,0.378,5.82509686172841e-59,"C1S","Up in Core"
1.22282395533522e-62,-1.02434319717861,0.146,0.347,2.99237250110082e-58,"FSTL1","Up in Core"
1.85762898118162e-62,-1.2298423124332,0.205,0.404,4.54580387984955e-58,"CNN3","Up in Core"
2.02823784346962e-62,-1.10481175996333,0.146,0.346,4.9633008267545e-58,"THY1","Up in Core"
1.17946411759167e-61,-1.83005354551857,0.142,0.327,2.88626664215857e-57,"SFRP2","Up in Core"
3.67529827478685e-59,-1.63334308621617,0.105,0.273,8.9938224082309e-55,"COL8A1","Up in Core"
5.15548539769927e-59,-0.955451850751349,0.132,0.321,1.26159883167099e-54,"ANTXR1","Up in Core"
1.07649363496213e-58,-1.67916555890966,0.088,0.249,2.63428757411584e-54,"ANGPTL2","Up in Core"
2.71311173685435e-58,-1.11171558838122,0.219,0.417,6.63925573125628e-54,"MFGE8","Up in Core"
4.76781161754091e-58,-1.58834556206873,0.098,0.265,1.16673118092844e-53,"PDLIM3","Up in Core"
5.64798246093304e-58,-1.26024863544828,0.129,0.31,1.38211778801492e-53,"MXRA8","Up in Core"
2.34271228504664e-57,-1.39335236801574,0.114,0.286,5.73285123273763e-53,"FAP","Up in Core"
2.15299438065681e-56,-1.12494145457996,0.153,0.341,5.26859254890527e-52,"COL12A1","Up in Core"
2.39391122668271e-56,-1.00139744215305,0.149,0.334,5.85814016281525e-52,"SULF1","Up in Core"
1.11662876610887e-55,-1.03324157854788,0.145,0.33,2.73250225354502e-51,"VCAN","Up in Core"
1.79652694174585e-55,-1.19010213775758,0.155,0.336,4.39628107914628e-51,"RCN3","Up in Core"
2.21802787460218e-55,-0.909441132931831,0.395,0.586,5.42773601193899e-51,"ANXA1","Up in Core"
2.71860062634996e-55,-0.90416334996622,0.427,0.606,6.65268759274098e-51,"SELM","Up in Core"
5.20477280752588e-55,-1.35672639642724,0.118,0.288,1.27365995372966e-50,"CERCAM","Up in Core"
7.09273089580263e-55,-1.26317603786195,0.135,0.313,1.73566217751186e-50,"INHBA","Up in Core"
8.41967239135561e-55,-1.19031356647578,0.173,0.357,2.06037803088863e-50,"C1R","Up in Core"
9.68302916590811e-55,-1.33761789405384,0.11,0.277,2.36953406718937e-50,"PDLIM4","Up in Core"
1.03944611553044e-54,-1.87491333136007,0.084,0.239,2.54362858931455e-50,"ASPN","Up in Core"
1.68593342397831e-54,-1.16500370769421,0.333,0.525,4.12564768181731e-50,"SPON2","Up in Core"
2.13819975151944e-54,-1.30794820837635,0.135,0.309,5.23238861194322e-50,"EFEMP2","Up in Core"
2.29974898842605e-54,-1.28972364363356,0.273,0.458,5.62771574957739e-50,"MGP","Up in Core"
2.95482965011076e-54,-1.13578381594025,0.34,0.52,7.23076363678605e-50,"SERPINH1","Up in Core"
7.03352789573545e-54,-1.05709559742558,0.166,0.352,1.72117461136542e-49,"SERPING1","Up in Core"
1.58570221200871e-53,-1.76916655850745,0.084,0.234,3.8803718830065e-49,"EFEMP1","Up in Core"
1.70839677989804e-53,-1.07973660497479,0.162,0.343,4.1806177600885e-49,"CTSK","Up in Core"
1.99975620255543e-52,-1.34282540542671,0.226,0.404,4.89360340327339e-48,"CLEC11A","Up in Core"
2.43596732265421e-52,-1.05437370483603,0.186,0.366,5.96105563526712e-48,"PCOLCE","Up in Core"
8.20091975648887e-52,-1.20215708208377,0.111,0.275,2.00684707361039e-47,"MXRA5","Up in Core"
8.81162386011215e-52,-0.624240647739875,0.995,0.996,2.15629247480804e-47,"FTH1","Up in Core"
9.02107308877402e-52,-1.79936270478127,0.069,0.209,2.20754679555389e-47,"TNC","Up in Core"
2.85286098098812e-51,-1.21549769243808,0.169,0.346,6.98123610657604e-47,"CYR61","Up in Core"
7.44157452879612e-51,-1.21160536519946,0.12,0.284,1.8210277029417e-46,"RAB34","Up in Core"
2.38290568946707e-50,-0.58861031208294,0.61,0.772,5.83120851269486e-46,"S100A4","Up in Core"
2.84346081218139e-50,-0.737965351026077,0.653,0.753,6.95823295348909e-46,"CTSB","Up in Core"
4.08140500570325e-50,-1.05512368856212,0.14,0.312,9.98760618945642e-46,"EMILIN1","Up in Core"
4.43849993547696e-50,-1.35051202953576,0.072,0.213,1.08614531921057e-45,"SPOCK1","Up in Core"
5.69949049675045e-50,-1.01204865635397,0.127,0.292,1.3947223194598e-45,"FBLN1","Up in Core"
8.03414397351411e-50,-0.987807371590987,0.529,0.694,1.96603537175864e-45,"MT2A","Up in Core"
1.0214122123736e-49,-1.42676354309411,0.107,0.262,2.49949782489945e-45,"DKK3","Up in Core"
1.32060054424219e-49,-0.84295031981838,0.298,0.486,3.23164159181507e-45,"TIMP2","Up in Core"
3.6677904962678e-49,-1.40147109207609,0.136,0.296,8.97545012341694e-45,"CCDC80","Up in Core"
4.41492518465678e-49,-1.17293934941353,0.115,0.274,1.08037634193736e-44,"MEG3","Up in Core"
5.7675721658905e-49,-2.05589370758692,0.083,0.224,1.41138258471506e-44,"SFRP4","Up in Core"
1.52314943454325e-48,-0.860360076408024,0.389,0.564,3.7272989812708e-44,"COL6A1","Up in Core"
1.70309563255013e-48,-1.11162693758119,0.228,0.411,4.16764532241342e-44,"IGFBP6","Up in Core"
3.49686152175485e-48,-1.16335083504907,0.144,0.308,8.55716982988629e-44,"HTRA1","Up in Core"
5.78882226905707e-48,0.518093480795341,0.929,0.891,1.41658269746096e-43,"CYBA","Up in Border"
2.73342258011781e-47,-1.0628600915728,0.1,0.252,6.68895839580629e-43,"MRC2","Up in Core"
3.16216672179965e-47,-1.21089992865055,0.127,0.285,7.73813818491591e-43,"CDH11","Up in Core"
4.46793325506867e-47,-1.30046779443359,0.093,0.239,1.09334794684785e-42,"TUBB6","Up in Core"
9.02961920594032e-47,-0.945507003299722,0.12,0.279,2.20963811588566e-42,"MFAP2","Up in Core"
1.01446575369516e-46,-1.05650721838711,0.155,0.32,2.48249914586742e-42,"CAV1","Up in Core"
1.78854395078237e-46,-0.883669345408117,0.408,0.565,4.37674590195954e-42,"CALU","Up in Core"
2.58183129264927e-46,-1.0229001897806,0.152,0.319,6.31799935624204e-42,"RAB31","Up in Core"
7.28090960912453e-46,-1.35779717134539,0.089,0.23,1.78171139044886e-41,"PXDN","Up in Core"
1.60747122239086e-45,-1.27169035704235,0.113,0.262,3.93364282831268e-41,"ISLR","Up in Core"
1.94754742912935e-45,-1.28732467929536,0.112,0.261,4.76584331382243e-41,"CMTM3","Up in Core"
2.21281161964369e-45,-1.34821815232868,0.075,0.209,5.41497131443008e-41,"SNAI2","Up in Core"
4.32069645178567e-45,-1.33200569145098,0.09,0.231,1.05731762871647e-40,"FBLN2","Up in Core"
8.77468501342091e-45,-1.54170067263325,0.068,0.196,2.14725316963423e-40,"CTSF","Up in Core"
9.45600935598931e-45,-0.93997955051763,0.309,0.483,2.31398004950414e-40,"MMP14","Up in Core"
1.91210319608321e-44,-1.02907319356984,0.248,0.412,4.67910773113521e-40,"NUPR1","Up in Core"
1.92977105591944e-44,-1.01457838320027,0.116,0.267,4.72234275094046e-40,"SDC2","Up in Core"
2.56006076778932e-44,-1.11219515756234,0.133,0.287,6.26472470485725e-40,"TSPAN4","Up in Core"
3.09195692810568e-44,0.436940234548515,0.264,0.519,7.5663277987674e-40,"IGLC3","Not Significant"
3.73566619683269e-44,-1.35032852629374,0.081,0.214,9.14154875026927e-40,"LOX","Up in Core"
6.14968942095655e-44,-0.989550930699312,0.239,0.408,1.50489049820228e-39,"FKBP10","Up in Core"
1.0104231437083e-43,-0.835185577498247,0.701,0.8,2.47260647496858e-39,"TIMP1","Up in Core"
1.23871122439269e-43,-1.25381751600933,0.12,0.266,3.03125023721134e-39,"UNC5B","Up in Core"
3.58562443073747e-43,-1.15294338009409,0.096,0.237,8.77438154445767e-39,"PRRX1","Up in Core"
5.35062038971678e-43,-1.25139632081023,0.114,0.26,1.30935031556759e-38,"LOXL2","Up in Core"
5.9094528916544e-43,-1.16017249401939,0.124,0.272,1.44610221711675e-38,"COL18A1","Up in Core"
6.13481589258814e-43,-1.44345159185309,0.072,0.199,1.50125079707524e-38,"PDGFRA","Up in Core"
1.51946177270834e-42,-1.04638547851129,0.22,0.38,3.71827490399458e-38,"PTRF","Up in Core"
2.99418990761671e-42,-1.05957525272231,0.118,0.264,7.32708212292886e-38,"COL4A1","Up in Core"
3.63894920067259e-42,-0.827468065924226,0.454,0.597,8.90487258896589e-38,"VKORC1","Up in Core"
4.18028419175946e-42,-1.09254888262659,0.108,0.252,1.02295734456546e-37,"PDGFRB","Up in Core"
5.90613009809516e-42,-1.32991925761596,0.066,0.189,1.44528909630487e-37,"GLT8D2","Up in Core"
7.98888515996166e-42,-1.00016779292938,0.112,0.258,1.95496008749422e-37,"FBN1","Up in Core"
1.78179924776703e-41,-1.2650396898126,0.124,0.268,4.3602409392107e-37,"LTBP1","Up in Core"
3.68432970360654e-41,-1.22014253288104,0.132,0.275,9.01592321769557e-37,"PLXDC2","Up in Core"
5.43534814208317e-41,-0.595117488143494,0.672,0.782,1.33008404384917e-36,"ITGB1","Up in Core"
2.85477116556904e-40,-0.957340364984651,0.105,0.243,6.98591051926399e-36,"DPYSL3","Up in Core"
2.97925964772445e-40,-0.990918940370255,0.109,0.249,7.29054628394651e-36,"EHD2","Up in Core"
3.26830229290832e-40,-1.46756288021986,0.068,0.188,7.99786254097595e-36,"FNDC1","Up in Core"
3.40045287911552e-40,-1.31851949080553,0.111,0.248,8.32124824048359e-36,"GNG11","Up in Core"
4.41806428604644e-40,-1.48828943284242,0.07,0.189,1.08114451143842e-35,"FXYD6","Up in Core"
4.9844128269367e-40,-1.20209117568039,0.083,0.21,1.21973566287968e-35,"ADAM12","Up in Core"
5.82439128846326e-40,-1.31549329087351,0.099,0.229,1.42528679219984e-35,"TMEM45A","Up in Core"
6.90914168185828e-40,-1.41397811984961,0.085,0.211,1.69073606096754e-35,"GEM","Up in Core"
1.60127491529627e-39,1.57386441187598,0.155,0.044,3.9184798452215e-35,"RPS4Y1","Up in Border"
1.96786261330389e-39,-1.27430009295431,0.123,0.26,4.81555660101595e-35,"LMCD1","Up in Core"
1.99976470262352e-39,-1.14089312296164,0.079,0.205,4.89362420379001e-35,"MSRB3","Up in Core"
2.64557480513332e-39,-1.53624652290343,0.104,0.235,6.47398610564174e-35,"GREM1","Up in Core"
3.99156471018223e-39,-1.11861792350596,0.085,0.213,9.76775800228695e-35,"FERMT2","Up in Core"
4.37840203606508e-39,-1.13405527798929,0.099,0.231,1.07143876224549e-34,"SPHK1","Up in Core"
5.65774225415589e-39,-1.36834983782668,0.089,0.217,1.38450610701449e-34,"GJA1","Up in Core"
9.03456684433344e-39,-1.17791894510153,0.1,0.232,2.21084885247684e-34,"PDPN","Up in Core"
1.26402334310799e-38,-0.947021399321502,0.184,0.338,3.09319152291956e-34,"PLOD2","Up in Core"
1.32197546426532e-38,-1.44573676127073,0.068,0.185,3.23500615860367e-34,"PLPP4","Up in Core"
1.50434716992592e-38,-1.16766360912165,0.182,0.327,3.68128795952572e-34,"COL4A2","Up in Core"
3.38190630014217e-38,-1.27623113187739,0.085,0.211,8.2758629070779e-34,"AXL","Up in Core"
3.49975138881645e-38,-1.21739025187347,0.133,0.273,8.56424162357273e-34,"C3","Up in Core"
5.11775360503608e-38,-1.18829435357588,0.179,0.323,1.25236548468838e-33,"SERPINF1","Up in Core"
5.46986024002358e-38,-0.94373027624121,0.122,0.262,1.33852949933617e-33,"LAMA4","Up in Core"
5.47124258115455e-38,-1.35800674662045,0.085,0.209,1.33886777203433e-33,"NEXN","Up in Core"
5.5366159064874e-38,-1.19756680930313,0.102,0.234,1.35486527847653e-33,"DDR2","Up in Core"
1.05216314358258e-37,-1.06889430873937,0.093,0.222,2.57474842866094e-33,"COL10A1","Up in Core"
1.52090196978909e-37,-1.21583058052786,0.118,0.251,3.72179921027088e-33,"GPNMB","Up in Core"
2.62078947041207e-37,1.2404039764439,0.387,0.242,6.41333391304537e-33,"PIGR","Up in Border"
1.80396045062473e-36,-1.65646805589611,0.081,0.194,4.41447161872377e-32,"FMOD","Up in Core"
2.80439374365643e-36,-1.09527764964905,0.099,0.224,6.86263193010166e-32,"CFH","Up in Core"
3.86051560509094e-36,-1.16700633392843,0.088,0.209,9.44706773721804e-32,"CRYAB","Up in Core"
5.93978669404072e-36,-0.690814306265625,0.37,0.527,1.4535252018987e-31,"PRKCDBP","Up in Core"
5.99306659255515e-36,-0.90013210592428,0.103,0.233,1.46656332586417e-31,"RDX","Up in Core"
6.07538310871465e-36,-1.13155179475762,0.112,0.24,1.48670700053356e-31,"GPX8","Up in Core"
7.26186128823431e-36,-0.87712479447676,0.157,0.298,1.77705007584382e-31,"THBS1","Up in Core"
8.99990965502061e-36,-1.06854081506135,0.116,0.248,2.20236789168009e-31,"FAM127A","Up in Core"
1.4181319143354e-35,-0.810534041711648,0.438,0.565,3.47031060757017e-31,"RAB13","Up in Core"
1.81379419194411e-35,-0.824698143493625,0.143,0.286,4.43853576710643e-31,"TGFB1","Up in Core"
1.89765310086881e-35,-1.07652556572611,0.095,0.219,4.64374690313606e-31,"OLFML3","Up in Core"
2.22223657461985e-35,-0.985226065673149,0.368,0.506,5.43803512175223e-31,"TNFRSF12A","Up in Core"
2.50519943581416e-35,-1.42050947609797,0.06,0.165,6.13047353938084e-31,"FIBIN","Up in Core"
7.64503731191829e-35,-0.660474213945352,0.319,0.473,1.87081708059952e-30,"FLNA","Up in Core"
1.30062758077874e-34,-1.35730081919347,0.066,0.174,3.18276575292366e-30,"CLMP","Up in Core"
1.42100407532756e-34,-0.756553133118593,0.135,0.272,3.47733907273407e-30,"MMP11","Up in Core"
1.44306258769487e-34,-1.01515498490071,0.188,0.327,3.53131845834812e-30,"TGFB1I1","Up in Core"
1.5527599784605e-34,-0.627737446523711,0.555,0.672,3.79975894329069e-30,"S100A13","Up in Core"
1.67920676632237e-34,-0.876603320488641,0.097,0.22,4.10918687786748e-30,"ITGA5","Up in Core"
1.80793165317804e-34,-0.976068169818225,0.138,0.275,4.42418954849197e-30,"NRP2","Up in Core"
2.47122942351579e-34,-1.29431693313335,0.054,0.156,6.04734552228549e-30,"CNN1","Up in Core"
3.14308228898226e-34,-1.38728657260738,0.098,0.22,7.69143666936848e-30,"PLAU","Up in Core"
3.19394913428583e-34,-1.11629133214063,0.084,0.199,7.81591292651085e-30,"MFAP4","Up in Core"
3.22354396594609e-34,-0.902177411068125,0.094,0.215,7.88833443906667e-30,"COL11A1","Up in Core"
3.44704420228766e-34,-0.51802475317876,0.605,0.726,8.43526186741812e-30,"CD151","Up in Core"
3.69076163325106e-34,-1.44941978096738,0.052,0.152,9.03166279272867e-30,"TUSC3","Up in Core"
6.86277438150977e-34,-1.21567788760751,0.068,0.176,1.67938951889926e-29,"FHL3","Up in Core"
9.58115678613957e-34,-1.05988667559692,0.116,0.244,2.34460487713621e-29,"RBP1","Up in Core"
1.46193097928828e-33,-1.37290281111367,0.057,0.158,3.57749129941634e-29,"SSC5D","Up in Core"
3.10484177299521e-33,-1.3778556843519,0.081,0.19,7.59785830269659e-29,"GSTM3","Up in Core"
6.49476969638006e-33,-1.26695193786215,0.063,0.167,1.58933509240116e-28,"GGT5","Up in Core"
7.57454493505784e-33,-1.11805759410892,0.156,0.282,1.853566891058e-28,"SMIM3","Up in Core"
9.03050232553014e-33,-0.448808905018097,0.735,0.8,2.20985422408048e-28,"PSAP","Not Significant"
1.25943325650493e-32,-1.13715626477395,0.074,0.183,3.08195912199321e-28,"MAGEH1","Up in Core"
3.62813147230222e-32,-0.926322906782481,0.147,0.281,8.87840052587076e-28,"RBMS1","Up in Core"
4.17092175799466e-32,-0.524535738881596,0.72,0.786,1.02066626339887e-27,"LAPTM4A","Up in Core"
4.55347853534885e-32,-1.13166480914441,0.107,0.225,1.11428173238522e-27,"EVA1B","Up in Core"
5.39316579229075e-32,-1.08386723772562,0.092,0.207,1.31976160103147e-27,"FGFR1","Up in Core"
5.84092373573357e-32,-0.714740482101156,0.422,0.546,1.42933244737136e-27,"REXO2","Up in Core"
6.52553718038005e-32,-1.51144020234801,0.067,0.167,1.5968642034108e-27,"FGF7","Up in Core"
7.45475677544186e-32,-1.4142207684772,0.055,0.152,1.82425353051838e-27,"UBTD1","Up in Core"
1.61439374761708e-31,-1.34446187516478,0.096,0.207,3.95058293979377e-27,"ENG","Up in Core"
1.69501071369204e-31,-1.15297986276915,0.074,0.181,4.14786071747578e-27,"ADAMTS2","Up in Core"
4.36137292278824e-31,-0.69043855218319,0.459,0.575,1.06727156793551e-26,"NGFRAP1","Up in Core"
5.53589188545438e-31,-0.825597041702423,0.29,0.429,1.35468810328954e-26,"PDLIM7","Up in Core"
5.8452049524323e-31,-0.959385010131398,0.17,0.3,1.43038010390971e-26,"P3H4","Up in Core"
8.58269523915678e-31,-0.861535583571747,0.244,0.378,2.10027135197405e-26,"NFIC","Up in Core"
1.05609582657779e-30,-1.00626239545729,0.078,0.184,2.58437209721852e-26,"COL15A1","Up in Core"
1.08096748778338e-30,-1.12897140029781,0.065,0.164,2.6452355393547e-26,"LTBP2","Up in Core"
1.20715759085905e-30,-1.12756167307302,0.102,0.217,2.95403534059117e-26,"PLAT","Up in Core"
1.36992470733855e-30,-1.28403872352849,0.075,0.178,3.35234275132818e-26,"PODNL1","Up in Core"
1.59116328050576e-30,-0.368337631526759,0.742,0.837,3.89373566372565e-26,"HSPB1","Not Significant"
2.76301826892872e-30,-1.9418230291526,0.058,0.15,6.76138200589547e-26,"C1QTNF3","Up in Core"
2.90050128030483e-30,-1.05324212740821,0.071,0.173,7.09781668303396e-26,"IL1R1","Up in Core"
3.77952392325536e-30,-0.983721005738236,0.142,0.265,9.24887299259818e-26,"CYBRD1","Up in Core"
4.26782007267342e-30,-0.659372802619648,0.572,0.692,1.04437824998391e-25,"CD99","Up in Core"
5.18391153015949e-30,-1.17761096094677,0.084,0.191,1.26855499054533e-25,"CRISPLD2","Up in Core"
5.35171894662509e-30,-0.810631911820167,0.071,0.174,1.30961914342863e-25,"PDGFC","Up in Core"
8.19216558047708e-30,-2.02413836632428,0.026,0.1,2.00470483919855e-25,"C14orf132","Up in Core"
1.00976143911023e-29,-0.734338485386956,0.521,0.626,2.47098721764665e-25,"ANXA5","Up in Core"
1.72786175235892e-29,-0.520321049370654,0.347,0.51,4.22825049419751e-25,"MT1E","Up in Core"
1.86414904250122e-29,-1.16157216115349,0.11,0.22,4.56175912190474e-25,"FKBP7","Up in Core"
2.05880076096058e-29,-1.10957249789607,0.059,0.154,5.03809134214665e-25,"GPC6","Up in Core"
2.24096502212461e-29,-1.14416212477726,0.062,0.158,5.48386550564114e-25,"FRMD6","Up in Core"
3.56495240039399e-29,-0.977915214937219,0.347,0.488,8.72379501900413e-25,"TGFBI","Up in Core"
4.2211061370553e-29,-2.21454668903551,0.028,0.1,1.0329468827988e-24,"IGHGP","Up in Core"
4.31208310945028e-29,-1.85804085581837,0.028,0.101,1.05520985771358e-24,"PDGFRL","Up in Core"
4.50459178426285e-29,-0.878545117152931,0.091,0.202,1.10231865552696e-24,"COX7A1","Up in Core"
5.29734900775953e-29,-1.1733148266078,0.11,0.22,1.29631427568884e-24,"RAI14","Up in Core"
6.30556567527216e-29,-1.34937529924503,0.051,0.139,1.54303497639585e-24,"VASN","Up in Core"
6.54757023094727e-29,-1.41950394913223,0.067,0.163,1.60225591121511e-24,"TNFAIP6","Up in Core"
7.90347764904129e-29,-1.33534465033813,0.064,0.159,1.93406001549689e-24,"COPZ2","Up in Core"
8.95120544592187e-29,-1.12086288684452,0.067,0.164,2.19044948467154e-24,"GAS1","Up in Core"
8.99716756006832e-29,0.271242420477249,0.988,0.982,2.20169687362432e-24,"RPS21","Not Significant"
1.20483353545901e-28,-1.70155520748993,0.058,0.148,2.94834814462175e-24,"TSPAN2","Up in Core"
1.25780651738856e-28,-1.24272642318223,0.068,0.164,3.07797832870156e-24,"FAM229B","Up in Core"
1.34928279022561e-28,-0.994410917460735,0.075,0.174,3.3018299159611e-24,"SERPINE1","Up in Core"
1.36548618391985e-28,1.70228344260133,0.112,0.032,3.34148124067027e-24,"IGHA2","Up in Border"
1.57637459119957e-28,-1.357972869208,0.064,0.157,3.85754626212447e-24,"BNIP3","Up in Core"
3.01667894845086e-28,-1.30908369195342,0.038,0.118,7.38211505475409e-24,"HSPB2","Up in Core"
3.21586959751082e-28,-0.977555798556882,0.165,0.288,7.86955449206873e-24,"LAMC1","Up in Core"
3.65928163312183e-28,-1.82327381501787,0.038,0.116,8.95462808441244e-24,"ITGBL1","Up in Core"
3.74658607353562e-28,-0.89025505536444,0.107,0.22,9.16827078054902e-24,"GPX7","Up in Core"
3.98773962556779e-28,-1.28390995808122,0.041,0.122,9.75839763772693e-24,"BNC2","Up in Core"
4.40425939080781e-28,-1.52939934338856,0.037,0.116,1.07776631552458e-23,"MRAS","Up in Core"
4.80496577818205e-28,-1.31688554216762,0.045,0.129,1.17582317557893e-23,"TMEM119","Up in Core"
6.39401806383409e-28,-0.786874092966211,0.121,0.237,1.56468016040084e-23,"NOTCH3","Up in Core"
6.60331979183424e-28,-1.09046289923307,0.083,0.182,1.61589838625976e-23,"DBN1","Up in Core"
7.1603317116391e-28,-0.997808929368052,0.099,0.207,1.7522047731552e-23,"PRAF2","Up in Core"
7.37515638754097e-28,-0.634374321538966,0.237,0.367,1.80477451959515e-23,"PALLD","Up in Core"
8.29098361260534e-28,-0.896100024663469,0.102,0.211,2.02888659984065e-23,"LOXL1","Up in Core"
9.16090906131466e-28,-0.539003744598112,0.562,0.666,2.24176605639431e-23,"NBL1","Up in Core"
9.43798151279921e-28,-0.721786706264212,0.194,0.324,2.30956845599709e-23,"CLIC4","Up in Core"
1.05540608346768e-27,-1.52878153884342,0.086,0.187,2.58268422685376e-23,"CCL2","Up in Core"
1.1196032115064e-27,-1.13513096939855,0.086,0.187,2.73978101887731e-23,"F2R","Up in Core"
1.17663194450764e-27,-0.433614132743499,0.682,0.782,2.87933603140463e-23,"CAPZB","Not Significant"
1.19199242332111e-27,-0.894593912688848,0.107,0.216,2.91692465910908e-23,"PTK7","Up in Core"
1.55571396791842e-27,-1.58182780105517,0.037,0.115,3.80698765089317e-23,"MSC","Up in Core"
1.83459153311421e-27,-0.937093543865042,0.067,0.164,4.48942894068378e-23,"ITGA11","Up in Core"
2.56839614293542e-27,-1.38350601143908,0.038,0.116,6.28512220137726e-23,"LAYN","Up in Core"
3.26226675253292e-27,-0.923413782482753,0.097,0.202,7.9830929701233e-23,"AKAP12","Up in Core"
3.4259994069782e-27,-1.17942951805005,0.069,0.162,8.38376314881635e-23,"BAG2","Up in Core"
4.0271770611331e-27,-0.80482246609115,0.07,0.165,9.85490498629881e-23,"HTRA3","Up in Core"
5.37100669492549e-27,-0.951022158041089,0.081,0.182,1.31433904831522e-22,"NDN","Up in Core"
6.06024502139242e-27,-0.680119222331802,0.478,0.577,1.48300255918494e-22,"WBP5","Up in Core"
6.11037132389641e-27,-1.11248276880583,0.167,0.281,1.49526896667069e-22,"PLPP1","Up in Core"
8.86912920445542e-27,-1.11226531601549,0.062,0.152,2.17036460762229e-22,"ADAMTS12","Up in Core"
8.88241678147192e-27,-0.366668236927707,0.755,0.835,2.17361621059399e-22,"CD63","Not Significant"
9.08978840265308e-27,-1.23007068082751,0.14,0.255,2.22436212001323e-22,"PSCA","Up in Core"
1.12216125508336e-26,2.67189087534439,0.101,0.029,2.74604080731448e-22,"OLFM4","Up in Border"
1.56105853420517e-26,1.42448350368828,0.382,0.267,3.82006633905347e-22,"SPINK1","Up in Border"
1.73838749650914e-26,-0.895650862688408,0.178,0.304,4.25400804270751e-22,"CRABP2","Up in Core"
1.81499542449556e-26,-0.835132777215115,0.102,0.207,4.44147530328308e-22,"NREP","Up in Core"
1.8541250680393e-26,-0.891604108382651,0.107,0.213,4.53722945399898e-22,"KANK2","Up in Core"
2.12688040012182e-26,-0.943607623003084,0.067,0.159,5.2046890271381e-22,"CD248","Up in Core"
2.32194214281148e-26,-0.61926485524199,0.556,0.647,5.68202461767397e-22,"ARF4","Up in Core"
2.37799420327559e-26,-1.55695156115104,0.04,0.117,5.81918961483569e-22,"CDH13","Up in Core"
3.90660029502878e-26,-0.494369433403309,0.401,0.558,9.55984158196493e-22,"HSPA1A","Not Significant"
4.21508908158705e-26,-0.745692426684355,0.358,0.479,1.03147444915517e-21,"SEPT11","Up in Core"
4.73955273068763e-26,-1.19705109493961,0.071,0.163,1.15981594872657e-21,"TPST1","Up in Core"
6.77226866426276e-26,-1.04317502794542,0.121,0.233,1.65724186483174e-21,"AKR1B1","Up in Core"
7.94116409511043e-26,-0.315392763799344,0.694,0.807,1.94328226571447e-21,"IFITM3","Not Significant"
8.81378812221602e-26,-1.16315906171331,0.05,0.132,2.15682209138748e-21,"TCF21","Up in Core"
9.83288265859623e-26,-0.661280213860203,0.382,0.501,2.40620471538508e-21,"IGFBP4","Up in Core"
1.07953961574961e-25,0.652599872823202,0.437,0.302,2.64174139370088e-21,"CORO1A","Up in Border"
1.21105424544048e-25,-0.799152857922432,0.146,0.259,2.96357084401739e-21,"PGM1","Up in Core"
1.21703090009843e-25,-1.32845146285704,0.04,0.116,2.97819631563086e-21,"PLN","Up in Core"
1.23990632687231e-25,-1.04483125387198,0.064,0.153,3.03417477248923e-21,"CALHM2","Up in Core"
1.33616771909582e-25,-0.932378529520704,0.066,0.156,3.26973602539937e-21,"FHL1","Up in Core"
1.33801229054251e-25,-1.326684316936,0.07,0.159,3.27424987618658e-21,"MYH10","Up in Core"
1.56258745956806e-25,-1.24581464686216,0.164,0.272,3.823807772309e-21,"FBXO32","Up in Core"
1.65716644880119e-25,-1.29030495864466,0.043,0.12,4.05525201686138e-21,"SGCD","Up in Core"
1.95224082680714e-25,0.857829990421287,0.321,0.2,4.77732852727975e-21,"CDX1","Up in Border"
2.12348825279652e-25,-0.914064069573559,0.073,0.166,5.19638810341837e-21,"TNS1","Up in Core"
2.49708785996987e-25,-0.6783741280484,0.354,0.477,6.11062370213227e-21,"HCFC1R1","Up in Core"
2.83347763165823e-25,-0.997080829903583,0.106,0.208,6.93380311243087e-21,"IKBIP","Up in Core"
3.03511078551462e-25,-1.15115423945551,0.1,0.198,7.42721960323282e-21,"PTGDS","Up in Core"
3.19950934934759e-25,-0.874590734934293,0.281,0.399,7.82951932878848e-21,"PMP22","Up in Core"
6.97008223687054e-25,-1.19460036062975,0.061,0.147,1.70564882418459e-20,"BCAT1","Up in Core"
7.55128719921442e-25,-0.695123852377296,0.3,0.419,1.84787549051976e-20,"ARL3","Up in Core"
8.10947205083442e-25,-1.17907441008433,0.355,0.47,1.98446890555969e-20,"ID3","Up in Core"
9.27304671486329e-25,-1.47975709469734,0.044,0.119,2.2692072615942e-20,"MRGPRF","Up in Core"
1.56891029294375e-24,-0.650979027802644,0.426,0.536,3.83928037786265e-20,"CHPF","Up in Core"
2.12593596045312e-24,-0.801432335262452,0.27,0.389,5.20237788882483e-20,"LRP1","Up in Core"
2.16577242271498e-24,-1.1615660252276,0.076,0.164,5.29986169562582e-20,"NAV1","Up in Core"
2.42949700888034e-24,-1.00018213996561,0.216,0.331,5.94522213043108e-20,"PRSS23","Up in Core"
2.613964010182e-24,-0.6445608007332,0.381,0.491,6.39663132931637e-20,"LEPROT","Up in Core"
3.05975430525702e-24,2.02089608311088,0.168,0.08,7.48752476039445e-20,"PLCB4","Up in Border"
3.50342023772981e-24,-0.944206955309484,0.206,0.316,8.57321966374861e-20,"CTSL","Up in Core"
3.56068810688079e-24,-0.478777579919321,0.82,0.867,8.71335986634798e-20,"NEAT1","Not Significant"
4.50784875689533e-24,-1.16694099343449,0.048,0.125,1.10311566929986e-19,"MAP1A","Up in Core"
4.68414257973032e-24,-1.29898706836608,0.038,0.109,1.14625653068581e-19,"GFPT2","Up in Core"
6.82557862094234e-24,-1.03019871597545,0.073,0.162,1.6702873443308e-19,"NTM","Up in Core"
7.69074235723119e-24,-0.372335185997054,0.688,0.763,1.88200156223805e-19,"P4HB","Not Significant"
8.28419315199373e-24,-1.47199834158649,0.051,0.129,2.02722490622439e-19,"ELN","Up in Core"
8.68943674126974e-24,-0.965322114828822,0.071,0.159,2.12639206495612e-19,"LHFP","Up in Core"
1.53446163968019e-23,-1.05826134398541,0.046,0.121,3.7549810784614e-19,"C16orf45","Up in Core"
1.56864143410639e-23,0.258994336231448,0.994,0.993,3.83862245340175e-19,"RPL39","Not Significant"
2.00102943337247e-23,-0.628643145826939,0.464,0.567,4.89671912640577e-19,"ACTN1","Up in Core"
2.02742324637043e-23,-0.817996494319763,0.219,0.33,4.96130742619308e-19,"HEBP1","Up in Core"
2.05507593087412e-23,-1.37721577292454,0.033,0.1,5.02897631044206e-19,"P4HA3","Up in Core"
2.05903845129867e-23,-1.28843470696064,0.047,0.123,5.03867299417297e-19,"OSMR","Up in Core"
2.32823315085913e-23,-1.02446238391017,0.057,0.137,5.69741934346737e-19,"GUCY1A3","Up in Core"
2.60438326051794e-23,-0.347925463110172,0.984,0.993,6.37318627681344e-19,"FTL","Not Significant"
3.60840503651244e-23,-0.646475782373078,0.268,0.389,8.83012796484959e-19,"ITGB5","Up in Core"
4.78916065259273e-23,0.679802662154287,0.415,0.293,1.17195550329597e-18,"C15orf48","Up in Border"
4.91049377257124e-23,0.718369410749506,0.382,0.258,1.20164693108591e-18,"SLC38A1","Up in Border"
5.19859328428107e-23,-0.393794158466441,0.732,0.803,1.27214776259642e-18,"LDHA","Not Significant"
5.7059668092554e-23,-0.818589333979158,0.312,0.43,1.39630713789289e-18,"TUBA1A","Up in Core"
6.09836228223303e-23,-0.499906161775116,0.676,0.75,1.49233023408525e-18,"TPM4","Not Significant"
7.94576639283807e-23,-1.97472113476069,0.04,0.109,1.9444084939914e-18,"CHI3L1","Up in Core"
8.46540325424166e-23,0.750148152269262,0.344,0.219,2.07156883034548e-18,"FABP1","Up in Border"
9.66920112014287e-23,-0.964533030594115,0.115,0.211,2.36615020611016e-18,"MDFI","Up in Core"
1.03438809257032e-22,0.669259539617291,0.56,0.437,2.53125110132883e-18,"HLA-DRA","Up in Border"
1.05927311503097e-22,-0.623704171487365,0.225,0.343,2.59214723979228e-18,"PHLDA3","Up in Core"
1.07330660047582e-22,0.285967850319214,0.993,0.992,2.62648858202437e-18,"RPS2","Not Significant"
1.32189616790108e-22,-0.708680967395954,0.299,0.414,3.23481211247073e-18,"RUNX1","Up in Core"
2.07966665168193e-22,-0.563572322682832,0.21,0.336,5.08915226333084e-18,"TCF4","Up in Core"
2.57979059113576e-22,-0.952007491478818,0.08,0.167,6.31300555556833e-18,"MAF","Up in Core"
2.70668663209487e-22,-0.584732074132045,0.356,0.479,6.62353285739936e-18,"EMP3","Up in Core"
2.75618517655564e-22,-1.14799894530098,0.064,0.145,6.7446607455493e-18,"P3H3","Up in Core"
2.77304698740754e-22,-0.464230323283007,0.485,0.599,6.785923282885e-18,"CYB5R3","Not Significant"
3.42520598863258e-22,-1.23700744164843,0.045,0.117,8.38182157478279e-18,"MITF","Up in Core"
3.47628164550508e-22,-1.30913540417577,0.104,0.194,8.50680881471548e-18,"MAFB","Up in Core"
3.67928207476853e-22,0.335537397188425,0.606,0.494,9.00357116516607e-18,"CD24","Not Significant"
4.12130313890768e-22,-1.06870386279151,0.074,0.158,1.0085240911221e-17,"RAB23","Up in Core"
4.23315733530526e-22,-0.869770363636705,0.124,0.223,1.03589593152255e-17,"TSHZ2","Up in Core"
4.47000675708272e-22,-0.468614129751721,0.579,0.665,1.09385535352571e-17,"AP2M1","Not Significant"
7.21496051899017e-22,0.471999189024939,0.549,0.429,1.76557298860208e-17,"CTSS","Not Significant"
7.25667743231792e-22,-1.05999786435673,0.095,0.182,1.77578153446252e-17,"SRPX2","Up in Core"
7.29442835911554e-22,-0.527347798117095,0.372,0.488,1.78501956375916e-17,"PLD3","Up in Core"
1.043517614762e-21,-0.755798935402661,0.105,0.2,2.55359195508408e-17,"MXRA7","Up in Core"
1.1388925431263e-21,-0.882568186591632,0.057,0.134,2.78698394228437e-17,"TMEM47","Up in Core"
1.16000515042769e-21,-0.519135187417279,0.091,0.186,2.83864860361159e-17,"A1BG","Up in Core"
1.33676143193693e-21,-1.60235572963261,0.042,0.11,3.27118890009285e-17,"OLFML2B","Up in Core"
1.46021918098862e-21,-1.15995562007826,0.066,0.145,3.57330235779725e-17,"HEG1","Up in Core"
1.48521304576394e-21,-0.63697752740781,0.295,0.407,3.63446484428895e-17,"C9orf3","Up in Core"
1.48570157333206e-21,-1.12380565393117,0.043,0.112,3.63566032010088e-17,"FEZ1","Up in Core"
1.5408666423175e-21,-1.36983035021492,0.04,0.107,3.77065476041516e-17,"COL14A1","Up in Core"
1.56607391871231e-21,-1.09209763698488,0.054,0.129,3.83233948648089e-17,"CPXM1","Up in Core"
2.08054412603778e-21,-0.631493399769074,0.22,0.332,5.09129953082706e-17,"DNASE2","Up in Core"
2.08655898587629e-21,-1.07496457359086,0.064,0.141,5.10601849433787e-17,"TMEM158","Up in Core"
2.26236204154444e-21,-0.791207585514657,0.1,0.192,5.53622615186339e-17,"CPQ","Up in Core"
2.8060518311611e-21,-0.822835939897578,0.12,0.216,6.86668943603432e-17,"P3H1","Up in Core"
3.07513746477068e-21,-0.716940648591833,0.132,0.23,7.52516889004032e-17,"MYLK","Up in Core"
3.11615932191279e-21,-1.09136155484501,0.044,0.113,7.62555347665279e-17,"CNRIP1","Up in Core"
3.50197143772175e-21,0.689089176949413,0.315,0.2,8.56967430524889e-17,"HLA-DQA1","Up in Border"
3.89736762907908e-21,-0.495611148417061,0.374,0.492,9.53724832511941e-17,"PDLIM2","Not Significant"
3.91925082124519e-21,-1.03528355038922,0.074,0.155,9.59079868466911e-17,"SHISA4","Up in Core"
4.00493253592137e-21,-0.958203215056551,0.072,0.154,9.80047040865318e-17,"BICC1","Up in Core"
4.02194981257627e-21,-0.61161808907536,0.299,0.417,9.84211338635539e-17,"CRIP2","Up in Core"
4.24321196761941e-21,-1.40685989780721,0.036,0.1,1.03835640059615e-16,"KCNE4","Up in Core"
4.46452500025376e-21,-0.996905530051047,0.07,0.151,1.0925139128121e-16,"HSPA2","Up in Core"
4.6103653925686e-21,-0.451368850259594,0.217,0.336,1.12820251521546e-16,"DMKN","Not Significant"
4.6356068949256e-21,-0.648823735900297,0.617,0.684,1.13437936325724e-16,"TUBB","Up in Core"
8.53392949010189e-21,-1.27141667132566,0.044,0.112,2.08833788552283e-16,"C11orf96","Up in Core"
8.93695903806759e-21,-0.638073970147877,0.117,0.216,2.18696324620552e-16,"UBE2E2","Up in Core"
9.69164522492912e-21,-0.780434391009656,0.156,0.256,2.37164250299241e-16,"STOM","Up in Core"
1.02468423904309e-20,-1.0748055999414,0.065,0.142,2.50750480136234e-16,"PCDH7","Up in Core"
1.06105029803424e-20,-0.628175864155456,0.293,0.401,2.59649618431958e-16,"FAM114A1","Up in Core"
1.08625571334831e-20,-0.698994308490905,0.084,0.169,2.65817635613465e-16,"QKI","Up in Core"
1.27038586791918e-20,0.741182893068093,0.458,0.341,3.10876125738502e-16,"HLA-DRB1","Up in Border"
1.42102825336077e-20,-0.256751047039742,0.75,0.831,3.47739823879914e-16,"POLR2L","Not Significant"
1.52418299774796e-20,-0.820588971020748,0.148,0.246,3.72982821378904e-16,"SLC39A13","Up in Core"
1.62726781484476e-20,0.65917802636433,0.346,0.233,3.9820870697066e-16,"ZG16B","Up in Border"
1.68153589285627e-20,-0.727003753818339,0.185,0.287,4.11488648340858e-16,"SGCB","Up in Core"
1.69146236075396e-20,-0.746213482464377,0.227,0.332,4.13917754300101e-16,"PARVA","Up in Core"
1.77327467214728e-20,-0.817493591804855,0.245,0.346,4.33938045021161e-16,"PPFIBP1","Up in Core"
1.95288884432433e-20,-0.291969592356906,0.615,0.736,4.77891429094607e-16,"IFITM2","Not Significant"
2.21769189242466e-20,-0.465284739899169,0.571,0.661,5.42691382995238e-16,"SSR3","Not Significant"
2.36111122306762e-20,-0.98993677723057,0.057,0.13,5.77787527396878e-16,"COL7A1","Up in Core"
2.37558973398908e-20,-0.831129654190322,0.192,0.293,5.81330563804469e-16,"PLOD1","Up in Core"
2.63806487058391e-20,-0.912499080805719,0.168,0.264,6.45560854480589e-16,"LXN","Up in Core"
2.6767588034935e-20,-1.25845993731968,0.037,0.101,6.55029646802894e-16,"PRR16","Up in Core"
2.70873615843278e-20,-1.45103547642068,0.044,0.11,6.62854825330085e-16,"TGFB3","Up in Core"
3.83801862178345e-20,-1.11406037647825,0.06,0.134,9.39201536936629e-16,"PTGER2","Up in Core"
4.45682151437031e-20,-0.882151240096874,0.135,0.23,1.09062879278156e-15,"RGS3","Up in Core"
5.10717511661123e-20,-0.388539433683548,0.676,0.739,1.24977682278593e-15,"FKBP1A","Not Significant"
5.97256237352942e-20,-0.548891467652171,0.115,0.209,1.46154573842638e-15,"CLEC2B","Up in Core"
6.92356419033722e-20,-0.705098454947124,0.132,0.225,1.69426539301742e-15,"TWSG1","Up in Core"
7.08912509872984e-20,-0.874965152557743,0.274,0.376,1.73477980291018e-15,"SH3PXD2A","Up in Core"
8.8063204494903e-20,-0.783294640752387,0.069,0.146,2.15499467719477e-15,"SGCE","Up in Core"
9.11342081481872e-20,-0.601619350678588,0.303,0.413,2.23014520759429e-15,"MAP4","Up in Core"
9.80887311505982e-20,-0.529718605646372,0.613,0.664,2.40032933998629e-15,"EID1","Up in Core"
1.27586779518393e-19,-0.489791743497632,0.276,0.389,3.12217608159459e-15,"IGFBP3","Not Significant"
1.30418488611314e-19,-0.740850212416512,0.131,0.226,3.19147083480747e-15,"FILIP1L","Up in Core"
1.30549794529877e-19,-1.15909667387281,0.051,0.12,3.19468402194061e-15,"FAM109B","Up in Core"
1.41598124590111e-19,-1.22371991141733,0.069,0.144,3.4650477068446e-15,"LRRC32","Up in Core"
1.4944451907076e-19,-0.605183675068515,0.269,0.382,3.65705682618057e-15,"LTBP3","Up in Core"
2.16875765161708e-19,-1.26174842552921,0.048,0.114,5.30716684927216e-15,"MEIS1","Up in Core"
2.33993014851067e-19,-0.408704760662364,0.644,0.712,5.72604306642047e-15,"RTN4","Not Significant"
2.47294062432135e-19,-0.879531721909232,0.087,0.169,6.05153300177677e-15,"LARP6","Up in Core"
2.6089629919494e-19,-1.25958097146619,0.047,0.112,6.38439333759937e-15,"LSAMP","Up in Core"
2.71054510005687e-19,-1.28935812748623,0.047,0.112,6.63297491434917e-15,"DPT","Up in Core"
2.82638833622198e-19,0.706863864882831,0.35,0.24,6.9164548975688e-15,"HLA-DQB1","Up in Border"
2.83788579059044e-19,-0.728251082594309,0.266,0.368,6.94459031815386e-15,"KDELR3","Up in Core"
3.03029831962821e-19,-0.774993360474415,0.28,0.382,7.4154430179622e-15,"ITGAV","Up in Core"
3.0821052722592e-19,-0.269799513386614,0.937,0.96,7.5422198117455e-15,"MYL6","Not Significant"
3.17335560019799e-19,-1.07840912684321,0.06,0.132,7.76551848924449e-15,"CNPY4","Up in Core"
3.54358040014806e-19,-0.818970955477398,0.099,0.184,8.67149559720231e-15,"TCEAL3","Up in Core"
4.11629962795714e-19,-0.561135025962274,0.2,0.302,1.00729968195739e-14,"ITGA1","Up in Core"
4.58958955158167e-19,-1.10333340914676,0.06,0.13,1.12311845916755e-14,"FOXF1","Up in Core"
4.59294850432939e-19,-1.10639754082026,0.105,0.188,1.12394042849444e-14,"SLC12A8","Up in Core"
4.64565609301865e-19,-0.734233064710822,0.058,0.13,1.13683850252259e-14,"ZNF667-AS1","Up in Core"
5.26948421245598e-19,-0.749249197026854,0.075,0.153,1.2894954816301e-14,"KLF9","Up in Core"
5.64527975292725e-19,-0.937741034204018,0.049,0.116,1.38145640833883e-14,"ADGRA2","Up in Core"
7.24958246216857e-19,-0.632298259603459,0.255,0.361,1.77404532431727e-14,"CRTAP","Up in Core"
7.64031209572695e-19,-0.842925758385715,0.08,0.158,1.86966077294534e-14,"RUNX2","Up in Core"
8.01416298471701e-19,-0.952166584892647,0.14,0.229,1.9611458239901e-14,"GABARAPL1","Up in Core"
8.16794071929069e-19,-0.971338007103025,0.127,0.215,1.99877677341762e-14,"MEIS2","Up in Core"
9.62116224150004e-19,0.282922641652137,0.874,0.879,2.35439461211748e-14,"HINT1","Not Significant"
9.67575262531449e-19,-0.973825538008374,0.058,0.127,2.36775342494071e-14,"SMARCA1","Up in Core"
1.08842213376487e-18,-1.05712196550394,0.049,0.114,2.663477803536e-14,"DNM3OS","Up in Core"
1.12530507979386e-18,-1.04385632830784,0.039,0.1,2.75373406076357e-14,"VSTM4","Up in Core"
1.17168021299646e-18,-1.03191318327688,0.053,0.121,2.86721864922364e-14,"LINC01503","Up in Core"
1.30481778919775e-18,-0.416784345427617,0.494,0.596,3.1930196119458e-14,"RWDD1","Not Significant"
1.43003583283581e-18,0.593243279916427,0.557,0.485,3.49944068653251e-14,"GPX2","Up in Border"
1.61024299485929e-18,-0.92977630775652,0.055,0.123,3.94042563272016e-14,"RP11-400N13.3","Up in Core"
1.64613941662893e-18,-0.755731337044545,0.152,0.244,4.02826776643265e-14,"BMP1","Up in Core"
1.7590876936124e-18,-1.00032064766407,0.109,0.191,4.30466349503889e-14,"ZNF503","Up in Core"
1.87005565102842e-18,-0.651525868191349,0.118,0.206,4.57621318363166e-14,"FAM20C","Up in Core"
1.93431486851602e-18,-0.612856186544191,0.379,0.479,4.73346191474556e-14,"CSRP1","Up in Core"
2.03181849422698e-18,-0.59728282322174,0.187,0.291,4.97206303722284e-14,"LAMB2","Up in Core"
2.17937885312166e-18,-0.527714079095665,0.144,0.244,5.33315799147402e-14,"A4GALT","Up in Core"
2.30284513418234e-18,-0.54549552882426,0.283,0.388,5.63529232785762e-14,"FAM195B","Up in Core"
2.39651404696216e-18,-0.72726994444344,0.624,0.69,5.86450952432111e-14,"TPM1","Up in Core"
3.26644602879995e-18,-0.526389798113934,0.42,0.511,7.99332007707636e-14,"MTCH1","Up in Core"
3.33730178288414e-18,-0.740407149190447,0.05,0.116,8.16671119289578e-14,"C3orf14","Up in Core"
3.35659608634366e-18,-1.13047406737008,0.042,0.103,8.21392628289158e-14,"SCARF2","Up in Core"
3.43591970908611e-18,-0.84247056018962,0.164,0.257,8.40803912010461e-14,"CD276","Up in Core"
3.52153248870876e-18,-0.680982216204701,0.16,0.253,8.61754215311921e-14,"GLT8D1","Up in Core"
3.54098947573169e-18,-0.731030631739577,0.299,0.398,8.66515534606302e-14,"CTGF","Up in Core"
3.54943128779305e-18,-0.60056454602791,0.256,0.358,8.68581330435838e-14,"NUCB2","Up in Core"
3.56362921603492e-18,-1.06328000383705,0.112,0.194,8.72055705455906e-14,"A2M","Up in Core"
3.56889828769304e-18,0.538014048608727,0.39,0.283,8.73345099981363e-14,"RBM47","Up in Border"
4.07800404284856e-18,-0.774516349837095,0.198,0.297,9.97928369325472e-14,"RGS2","Up in Core"
4.18918459212078e-18,-0.504551922609921,0.098,0.184,1.02513536153788e-13,"ZEB2","Up in Core"
4.76242939352594e-18,-1.05460012882992,0.077,0.15,1.16541409688973e-13,"NT5DC2","Up in Core"
5.01897405557487e-18,-0.902050787968949,0.048,0.112,1.22819314113973e-13,"ALDH1A3","Up in Core"
5.42903636883295e-18,-0.718342323426719,0.22,0.322,1.32853948981711e-13,"FSCN1","Up in Core"
6.02986741515034e-18,-1.01164432891448,0.066,0.137,1.47556885516144e-13,"MMP23B","Up in Core"
6.30317891436474e-18,-0.764888110374906,0.186,0.281,1.5424509121342e-13,"INAFM1","Up in Core"
6.93165158667135e-18,-0.409250799630505,0.521,0.624,1.69624445977435e-13,"PSMB5","Not Significant"
7.31111259489179e-18,-0.413485750832313,0.727,0.779,1.78910236309597e-13,"PPIB","Not Significant"
8.03689351222069e-18,-1.1723922478835,0.053,0.118,1.96670821137553e-13,"FADS1","Up in Core"
8.11639649058801e-18,-1.46344443496393,0.071,0.141,1.98616338521179e-13,"SPARCL1","Up in Core"
8.14402917974632e-18,-0.927486240953213,0.048,0.11,1.99292538057572e-13,"BACE1","Up in Core"
8.80275943706826e-18,-0.909703966564482,0.049,0.113,2.15412326184497e-13,"RUNX1T1","Up in Core"
8.97696814311926e-18,-0.466856629638601,0.44,0.529,2.19675387430271e-13,"NUCB1","Not Significant"
9.24892719597556e-18,-0.995397216130784,0.047,0.11,2.26330497412718e-13,"HLX","Up in Core"
9.44355370240302e-18,-1.20511272738408,0.122,0.202,2.31093202651504e-13,"PTGES","Up in Core"
1.05867075653881e-17,-0.93913213860157,0.107,0.187,2.59067320832613e-13,"EPDR1","Up in Core"
1.0632477023632e-17,-0.853449817769177,0.135,0.22,2.60187345245299e-13,"ST3GAL4","Up in Core"
1.0968629150678e-17,-0.999743917448516,0.046,0.108,2.68413323946241e-13,"SYDE1","Up in Core"
1.16877955330284e-17,-1.23686290837901,0.048,0.11,2.86012044488739e-13,"MFAP5","Up in Core"
1.24911080485225e-17,-0.347124544359221,0.416,0.562,3.05669905055394e-13,"XIST","Not Significant"
1.44220050248539e-17,0.732585442839836,0.345,0.246,3.529208849632e-13,"CD52","Up in Border"
1.6513547599128e-17,0.513414012627372,0.798,0.741,4.04103023298261e-13,"BTG1","Up in Border"
1.68980046977319e-17,0.44695212969043,0.534,0.446,4.13511072958198e-13,"CLDN3","Not Significant"
1.6901455797763e-17,-0.65100697808134,0.18,0.275,4.13595524827058e-13,"VAT1","Up in Core"
1.72199525914443e-17,1.00793460928407,0.112,0.048,4.21389459865233e-13,"MTRNR2L10","Up in Border"
1.78479382746428e-17,-0.542816717225239,0.321,0.42,4.36756897518785e-13,"VGLL4","Up in Core"
1.7852180150563e-17,-0.49733665312531,0.403,0.497,4.36860700464428e-13,"LINC00152","Not Significant"
1.89619359821126e-17,-0.722768748930876,0.103,0.182,4.64017535418278e-13,"WWTR1","Up in Core"
1.9233225732469e-17,-0.325954678191514,0.646,0.738,4.70656266899249e-13,"PEBP1","Not Significant"
2.18632586268958e-17,-0.685220132291047,0.224,0.323,5.35015801858767e-13,"COL16A1","Up in Core"
2.21289238834091e-17,-1.35245947234534,0.073,0.143,5.41516896350903e-13,"IGFL2","Up in Core"
2.25402582693681e-17,-1.3638415475512,0.08,0.151,5.51582660109708e-13,"MSX2","Up in Core"
2.51862345183372e-17,0.626247436144052,0.414,0.312,6.16332344898231e-13,"CXCR4","Up in Border"
2.7212584925282e-17,-0.293802274194631,0.374,0.485,6.65919165706577e-13,"MT1X","Not Significant"
3.16552203612686e-17,-0.383769564042003,0.583,0.669,7.74634897460604e-13,"SEC11A","Not Significant"
3.17949455531886e-17,-0.542501078201601,0.447,0.543,7.78054112632078e-13,"TMEM176B","Up in Core"
3.59981095090406e-17,-0.312046155397275,0.567,0.692,8.80909737795732e-13,"MRPS21","Not Significant"
3.7217886806609e-17,-0.307235687649789,0.626,0.719,9.10758908044528e-13,"CTSD","Not Significant"
3.73237303567424e-17,-0.610700226833494,0.081,0.156,9.13349005559844e-13,"BEX4","Up in Core"
4.11749257526893e-17,-0.73933238820362,0.122,0.207,1.00759160809406e-12,"PHLDB1","Up in Core"
4.24832006979164e-17,-0.759876810385717,0.055,0.12,1.03960640427871e-12,"TRPS1","Up in Core"
4.24832475838317e-17,0.750264123421438,0.273,0.178,1.03960755162395e-12,"TESC","Up in Border"
4.76084945149571e-17,-0.467979306370876,0.371,0.47,1.16502746927552e-12,"SLC39A1","Not Significant"
4.95475067087193e-17,-1.21291714989436,0.047,0.106,1.21247703666907e-12,"MMP3","Up in Core"
5.0346964878824e-17,-1.03683570582843,0.052,0.115,1.2320405775497e-12,"TMEM204","Up in Core"
5.93611277914772e-17,-0.604211121219043,0.215,0.312,1.45262615818524e-12,"IL6ST","Up in Core"
6.74619058835236e-17,-0.881333460367475,0.053,0.116,1.65086029887571e-12,"WNT2","Up in Core"
6.87335319769983e-17,-0.642189007789089,0.145,0.235,1.68197826100913e-12,"ARL4C","Up in Core"
6.99797754998227e-17,-0.513911739961346,0.322,0.42,1.71247508625616e-12,"C1orf122","Up in Core"
7.63960496399443e-17,-0.985803783925461,0.061,0.127,1.86948773073908e-12,"EDIL3","Up in Core"
7.96681587364413e-17,-1.23587497404635,0.045,0.103,1.94955951243945e-12,"ROR2","Up in Core"
8.72271243120663e-17,-0.833905335298955,0.197,0.286,2.13453495904058e-12,"ENAH","Up in Core"
8.84824623810653e-17,0.661054207205095,0.355,0.256,2.16525433692705e-12,"ITGA6","Up in Border"
8.91577264727544e-17,-0.454517446563948,0.429,0.527,2.18177872451477e-12,"TCEAL4","Not Significant"
9.91303491246847e-17,-0.483948117667975,0.412,0.505,2.42581877343016e-12,"SEC31A","Not Significant"
9.93132781727639e-17,-0.314712556200424,0.619,0.7,2.43029523016571e-12,"C11orf58","Not Significant"
1.1651800965452e-16,-0.795357052307196,0.054,0.117,2.85131221425577e-12,"NR2F1-AS1","Up in Core"
1.20896137483736e-16,-0.856320006383362,0.053,0.115,2.9584493803645e-12,"CHN1","Up in Core"
1.23567328485657e-16,-1.19761280528605,0.082,0.153,3.02381609537252e-12,"CPE","Up in Core"
1.33483582800106e-16,-0.502534486864295,0.3,0.398,3.26647675470139e-12,"PAM","Up in Core"
1.56275632987671e-16,-0.970451733321104,0.069,0.136,3.8242210148413e-12,"PLAGL1","Up in Core"
1.58285523360754e-16,-0.852311180614803,0.24,0.327,3.87340504216101e-12,"DAB2","Up in Core"
1.6756828110267e-16,-0.560225298649044,0.22,0.316,4.10056340686344e-12,"SSPN","Up in Core"
1.75697407552615e-16,0.583386079167451,0.291,0.193,4.29949126022004e-12,"LTB","Up in Border"
1.85282890096913e-16,-0.907134726907602,0.063,0.13,4.53405760356155e-12,"SCG5","Up in Core"
2.26822917890595e-16,-0.394316867991936,0.523,0.607,5.55058362370075e-12,"HDLBP","Not Significant"
2.27082785313704e-16,0.74451347868041,0.289,0.197,5.55694283941164e-12,"CD79A","Up in Border"
2.47958780763795e-16,0.390841431149589,0.488,0.371,6.06779932407083e-12,"TPD52","Not Significant"
2.51481309818696e-16,-0.511129650948886,0.402,0.495,6.15399913257332e-12,"ITGB1BP1","Up in Core"
2.64506781579454e-16,-0.294539515621757,0.726,0.79,6.47274545203081e-12,"CALR","Not Significant"
2.83570693080736e-16,-0.501449323030866,0.398,0.495,6.93925843037869e-12,"ILK","Up in Core"
2.84337256087182e-16,-0.586764951160491,0.2,0.294,6.95801699370944e-12,"TRIP6","Up in Core"
2.92846611936536e-16,-0.703226000819064,0.096,0.171,7.16624944069897e-12,"CSGALNACT2","Up in Core"
3.0050598627157e-16,0.725248166006305,0.343,0.248,7.35368199005158e-12,"LAPTM5","Up in Border"
3.04259537335043e-16,-0.455424716849995,0.158,0.251,7.44553513812584e-12,"PRCP","Not Significant"
3.31794912107626e-16,0.674232026165379,0.739,0.656,8.11935329418572e-12,"CD74","Up in Border"
3.46463088798412e-16,-0.414075460269828,0.647,0.725,8.47829824598595e-12,"VMP1","Not Significant"
3.62044973275922e-16,-0.506594849003582,0.473,0.557,8.85960254103508e-12,"PPIC","Up in Core"
4.08639595507067e-16,-0.890430478395063,0.115,0.193,9.99981954165343e-12,"SPSB1","Up in Core"
5.17629011921536e-16,-1.07589792048689,0.07,0.136,1.26668995507319e-11,"ZCCHC24","Up in Core"
5.43864186743378e-16,-0.26387130502429,0.636,0.732,1.33089005137972e-11,"RHOC","Not Significant"
5.59401819256691e-16,1.24666062706826,0.106,0.046,1.36891219190305e-11,"PRUNE2","Up in Border"
5.62329472431318e-16,0.939004463491367,0.162,0.088,1.37607645198668e-11,"BCL11A","Up in Border"
5.64998375341674e-16,-0.942151698398447,0.094,0.167,1.38260752429861e-11,"KIFC3","Up in Core"
5.78571820241515e-16,0.858312084365183,0.212,0.13,1.41582310131301e-11,"SLC5A1","Up in Border"
5.83637021088829e-16,-0.651385501585168,0.18,0.271,1.42821815430647e-11,"PLTP","Up in Core"
6.02440744017201e-16,-0.501902639833323,0.349,0.455,1.47423274468449e-11,"HSPG2","Up in Core"
6.1255836885245e-16,-0.793611953285734,0.112,0.189,1.49899158441883e-11,"TSKU","Up in Core"
6.35367931906338e-16,-1.23925646681976,0.053,0.113,1.554808866168e-11,"CCDC74A","Up in Core"
6.37523686287724e-16,0.443221389162946,0.479,0.376,1.56008421271469e-11,"CDH17","Not Significant"
6.60230678529962e-16,-0.722732875731764,0.052,0.112,1.61565049343067e-11,"SGIP1","Up in Core"
7.1748540265054e-16,0.695158325767313,0.272,0.179,1.75575852882614e-11,"MS4A1","Up in Border"
7.70103148983788e-16,-0.463526011253265,0.305,0.402,1.88451941587823e-11,"PRNP","Not Significant"
7.79831306058817e-16,0.813506825631594,0.228,0.145,1.90832518905653e-11,"HLA-DMB","Up in Border"
8.38040406035455e-16,-0.690878789795573,0.061,0.125,2.05076867760936e-11,"SPG20","Up in Core"
9.1576254656695e-16,-0.962627861994762,0.044,0.101,2.24096252770398e-11,"VCAM1","Up in Core"
1.00699411948534e-15,-0.772767214575193,0.191,0.275,2.46421530979258e-11,"NINJ1","Up in Core"
1.01359953541743e-15,-0.986589071789592,0.045,0.102,2.48037942311999e-11,"MMP19","Up in Core"
1.01375773425871e-15,0.676330760882269,0.226,0.14,2.48076655150448e-11,"RP11-350J20.12","Up in Border"
1.02081685140216e-15,-0.916136503584787,0.089,0.161,2.49804091706622e-11,"DRAM1","Up in Core"
1.15481265937876e-15,0.550970086426107,0.483,0.4,2.82594205876576e-11,"BACE2","Up in Border"
1.19571194026559e-15,-0.322453016282078,0.531,0.621,2.92602668902394e-11,"CD59","Not Significant"
1.29951506342095e-15,-0.955679916665894,0.095,0.168,3.1800433116974e-11,"PKD2","Up in Core"
1.33008552440298e-15,1.02588164277777,0.269,0.183,3.25485228676654e-11,"CEACAM1","Up in Border"
1.36876876812297e-15,0.864508348227528,0.214,0.132,3.34951405247371e-11,"ATP2A3","Up in Border"
1.37358748048137e-15,-0.323196096547908,0.6,0.679,3.36130592348597e-11,"MRFAP1","Not Significant"
1.37843976748587e-15,0.714419912584413,0.388,0.295,3.37317995501468e-11,"HLA-DPA1","Up in Border"
1.41290853034376e-15,-0.701623620319652,0.07,0.138,3.45752846460422e-11,"GNB4","Up in Core"
1.42339222428981e-15,-0.567320441180078,0.236,0.327,3.48318311205959e-11,"CKAP4","Up in Core"
1.45480375159678e-15,-0.922003421409176,0.063,0.127,3.56005026053248e-11,"NUAK1","Up in Core"
1.48630586577611e-15,-0.755427166742387,0.112,0.189,3.63713908414073e-11,"EVA1A","Up in Core"
1.50472680145474e-15,-0.758083310100802,0.076,0.144,3.68221695583988e-11,"HAPLN3","Up in Core"
1.51458073826584e-15,-0.550207773400106,0.343,0.432,3.70633052461033e-11,"TMEM98","Up in Core"
1.57052517616608e-15,-0.30065636736218,0.719,0.771,3.84323215859602e-11,"MORF4L1","Not Significant"
1.78945759190417e-15,0.300829007210849,0.76,0.699,4.3789816731487e-11,"CHCHD10","Not Significant"
1.88484921780963e-15,0.25811764863566,0.766,0.69,4.61241452090194e-11,"ZFP36L2","Not Significant"
2.09067730935508e-15,-0.562364333139649,0.203,0.295,5.11609644372281e-11,"MPV17","Up in Core"
2.12363285564301e-15,-0.521984633970952,0.342,0.434,5.19674196104402e-11,"CHID1","Up in Core"
2.28366004322104e-15,-0.583829240159305,0.298,0.392,5.5883444917662e-11,"PLS3","Up in Core"
2.50312647585318e-15,-0.339643164242396,0.528,0.611,6.12540079906031e-11,"SEPT2","Not Significant"
2.51903502680552e-15,-0.526114550496356,0.264,0.357,6.16433061409579e-11,"COPS8","Up in Core"
2.56194990562576e-15,0.332931621201884,0.755,0.745,6.2693476140568e-11,"LSM7","Not Significant"
2.62094859102934e-15,0.741249787271962,0.231,0.146,6.41372329710789e-11,"RASEF","Up in Border"
2.65210330440905e-15,-0.532849790902304,0.09,0.164,6.48996199621939e-11,"GLIPR2","Up in Core"
2.69147746063392e-15,-0.383440068421512,0.081,0.152,6.58631449391726e-11,"MAP7D3","Not Significant"
2.73015604742632e-15,-0.594920048449114,0.203,0.298,6.68096486365695e-11,"GULP1","Up in Core"
3.05602349882111e-15,0.621994511235475,0.428,0.332,7.47839510396515e-11,"ARHGDIB","Up in Border"
3.09608189424109e-15,-0.979268627800916,0.129,0.204,7.57642200339737e-11,"LAMB1","Up in Core"
3.15423440702725e-15,0.882929430402991,0.217,0.138,7.71872701743638e-11,"CDCA7","Up in Border"
3.40995358289213e-15,-0.79442763001751,0.076,0.142,8.34449741269534e-11,"SLC12A4","Up in Core"
3.97279097286767e-15,0.518261876594429,0.361,0.264,9.72181678970448e-11,"CXADR","Up in Border"
4.13361044282139e-15,-1.21734164897619,0.056,0.114,1.01153581146282e-10,"DIXDC1","Up in Core"
4.14473435754773e-15,-0.325682321720057,0.707,0.767,1.01425794463551e-10,"RABAC1","Not Significant"
4.8019860627414e-15,-0.34895535924807,0.475,0.575,1.17509400941345e-10,"DUT","Not Significant"
4.94004759320052e-15,-0.767968726993801,0.182,0.264,1.2088790465321e-10,"WIPI1","Up in Core"
5.11646866690018e-15,-0.761124894343906,0.139,0.218,1.25205104747714e-10,"MAN1A1","Up in Core"
5.2446897148894e-15,-0.610768726306251,0.36,0.447,1.28342802013059e-10,"PHLDA1","Up in Core"
5.34879417764522e-15,-0.911217321454751,0.073,0.138,1.30890342321156e-10,"PLPPR2","Up in Core"
5.87878944497268e-15,-1.03220784728417,0.05,0.107,1.43859856507926e-10,"HACD1","Up in Core"
5.95933572498524e-15,0.660677814816978,0.301,0.213,1.45830904526114e-10,"CD37","Up in Border"
6.44457858490699e-15,-0.386091501212437,0.616,0.684,1.57705282551259e-10,"OSTC","Not Significant"
7.21517202730967e-15,-0.26130460983147,0.773,0.822,1.76562474680295e-10,"TAGLN2","Not Significant"
7.34111384464319e-15,-0.942325197757015,0.072,0.136,1.79644396892264e-10,"FZD1","Up in Core"
7.64229464529377e-15,-1.23098288311878,0.064,0.125,1.87014592264984e-10,"CSRP2","Up in Core"
8.36511714957732e-15,-0.927082692887606,0.081,0.147,2.04702781767307e-10,"SPECC1","Up in Core"
9.24644000435545e-15,-0.675195750241401,0.08,0.147,2.26269633346582e-10,"ARMCX2","Up in Core"
9.43628071581303e-15,-0.59673746103494,0.249,0.342,2.30915225396661e-10,"SNHG18","Up in Core"
9.46742754693092e-15,-0.675158625093982,0.134,0.213,2.31677419500947e-10,"BDH2","Up in Core"
9.61369428280709e-15,-0.326175706759862,0.793,0.835,2.35256712794572e-10,"ENO1","Not Significant"
9.80301893888109e-15,-0.308913279942525,0.248,0.349,2.39889676453359e-10,"TMEM109","Not Significant"
1.01606179329385e-14,-0.778617821154522,0.047,0.103,2.48640481436938e-10,"DLC1","Up in Core"
1.10472808199804e-14,0.409113004951346,0.659,0.615,2.70338008945741e-10,"SMDT1","Not Significant"
1.10968321470026e-14,-0.833487283335911,0.089,0.157,2.71550579469301e-10,"TSPAN9","Up in Core"
1.23097448201495e-14,-0.494739711985102,0.326,0.413,3.01231765493879e-10,"YIPF2","Not Significant"
1.62468819979282e-14,-0.613695241104849,0.223,0.309,3.97577449371301e-10,"BMPR2","Up in Core"
1.66942419432492e-14,-1.00772569908747,0.048,0.103,4.08524794593252e-10,"TEAD2","Up in Core"
1.95201004996956e-14,-0.35355610030378,0.563,0.646,4.77676379328051e-10,"ATOX1","Not Significant"
2.01607406025922e-14,-1.80531569638178,0.067,0.127,4.93353483286033e-10,"G0S2","Up in Core"
2.04847189156197e-14,-0.423185802716249,0.359,0.454,5.01281556584131e-10,"PLAUR","Not Significant"
2.19508436798917e-14,0.927046927778301,0.143,0.077,5.37159095690629e-10,"KIAA0226L","Up in Border"
2.20810851884031e-14,0.860367141955962,0.248,0.168,5.40346235645412e-10,"CD79B","Up in Border"
2.21855456117238e-14,-0.491264498864417,0.203,0.295,5.42902486664494e-10,"F3","Not Significant"
2.37752710303215e-14,-1.16506045640999,0.052,0.108,5.81804657382997e-10,"RORA","Up in Core"
2.46759649947534e-14,-0.315315530373398,0.489,0.584,6.0384553938661e-10,"YIF1A","Not Significant"
2.49016582389537e-14,-0.571402149565306,0.143,0.224,6.09368478765437e-10,"CHST12","Up in Core"
2.4934329553416e-14,-0.652663924233201,0.139,0.218,6.10167978501642e-10,"BLVRA","Up in Core"
2.66576786467824e-14,-1.203023421946,0.055,0.111,6.52340054165413e-10,"NFATC4","Up in Core"
2.67448149309111e-14,-0.474618039295049,0.255,0.347,6.54472366174327e-10,"RHBDD2","Not Significant"
2.72495610030768e-14,0.660068570539679,0.347,0.256,6.66824007306293e-10,"ODC1","Up in Border"
2.74507406610906e-14,0.517667608081027,0.439,0.342,6.71747074717549e-10,"TMC5","Up in Border"
2.89250079621944e-14,0.7963107088266,0.219,0.141,7.07823869842858e-10,"CCL20","Up in Border"
3.34567701764672e-14,-0.465270886531342,0.461,0.538,8.18720622988329e-10,"RCN1","Not Significant"
3.42279758935537e-14,0.929116984599129,0.336,0.25,8.37592798091153e-10,"FAM3D","Up in Border"
3.55410762032052e-14,-0.754345332557141,0.05,0.105,8.69725675768634e-10,"WNT5A","Up in Core"
3.60966525732406e-14,-0.613536959510229,0.253,0.338,8.83321185119771e-10,"SLC39A7","Up in Core"
3.61131605486571e-14,-0.738576550202568,0.089,0.156,8.83725151786187e-10,"ARMC9","Up in Core"
3.83929006450577e-14,0.684142424143846,0.156,0.087,9.39512671685208e-10,"ASCL2","Up in Border"
3.9789238395703e-14,0.859426318685209,0.211,0.136,9.73682452781248e-10,"NCF1","Up in Border"
4.01310880838972e-14,-0.772100468853401,0.084,0.15,9.82047856501047e-10,"PTPN14","Up in Core"
4.1355606121317e-14,0.515046181926792,0.402,0.306,1.01201303739475e-09,"RAC2","Up in Border"
4.57062510851071e-14,-0.277630546442511,0.571,0.657,1.11847767030366e-09,"DRAP1","Not Significant"
4.86803164931181e-14,-0.3921541227743,0.292,0.392,1.19125602490309e-09,"CAV2","Not Significant"
5.09902392343416e-14,-0.482727978021715,0.445,0.53,1.24778214430357e-09,"BNIP3L","Not Significant"
5.18113136851666e-14,-0.965367137278824,0.113,0.182,1.26787465718971e-09,"C1QTNF1","Up in Core"
5.34667108326018e-14,-0.939372232746941,0.082,0.145,1.3083838807846e-09,"EXTL2","Up in Core"
5.51845530495155e-14,-0.810539506606196,0.048,0.102,1.35042119767469e-09,"ROBO1","Up in Core"
5.57820855717476e-14,-0.898503942627039,0.058,0.115,1.36504341602624e-09,"GLIS3","Up in Core"
6.00149099194553e-14,-0.842433364412514,0.149,0.226,1.46862486063899e-09,"PBX1","Up in Core"
6.12630657762134e-14,-0.345748189755971,0.281,0.377,1.49916848260972e-09,"VAMP5","Not Significant"
6.33595754670194e-14,0.621886706582009,0.249,0.164,1.55047217125343e-09,"INPP5D","Up in Border"
6.39912259197764e-14,-0.340103239691698,0.647,0.703,1.56592928948285e-09,"C12orf57","Not Significant"
6.4717168372814e-14,-0.417004219813309,0.162,0.247,1.58369382725113e-09,"DCBLD2","Not Significant"
6.52198080217939e-14,0.82218745126209,0.152,0.085,1.59599392210132e-09,"SLC39A5","Up in Border"
6.79306666879541e-14,0.435836200651343,0.327,0.235,1.66233134452092e-09,"TM4SF5","Not Significant"
7.10437398639555e-14,-0.516494949254817,0.255,0.342,1.73851135821086e-09,"DEGS1","Up in Core"
7.33083364481172e-14,0.563554541743308,0.521,0.458,1.79392830122188e-09,"CLDN7","Up in Border"
7.45508862898539e-14,-0.400419492918377,0.39,0.48,1.82433473839902e-09,"ARL2","Not Significant"
7.82082620768438e-14,-0.325393495416976,0.639,0.706,1.91383438128245e-09,"TMED9","Not Significant"
7.89132705590439e-14,0.65537862504826,0.272,0.187,1.93108664385036e-09,"POF1B","Up in Border"
7.912862859672e-14,-0.498385609138031,0.05,0.106,1.93635667039033e-09,"AKT3","Not Significant"
8.14304298637959e-14,-0.675396188208316,0.066,0.127,1.99268404919695e-09,"SUGCT","Up in Core"
8.20529635155616e-14,-0.579031620661619,0.161,0.24,2.00791807018931e-09,"TOM1","Up in Core"
8.30202228729892e-14,0.430425447546191,0.466,0.365,2.03158787392492e-09,"IFT172","Not Significant"
8.8931871141121e-14,0.566793400659933,0.564,0.493,2.17625181869437e-09,"LCN2","Up in Border"
8.98693828193159e-14,-0.539651871492566,0.233,0.32,2.19919366697148e-09,"PAPSS1","Up in Core"
9.12682017256162e-14,-0.912309138617914,0.078,0.14,2.23342416442755e-09,"ETV1","Up in Core"
9.24275862404997e-14,-0.869418352718063,0.065,0.124,2.26179546289127e-09,"TMEM132A","Up in Core"
9.73994072526069e-14,-0.450814402834995,0.286,0.376,2.38346089487854e-09,"MYL6B","Not Significant"
1.0183157418936e-13,-0.542784809324508,0.439,0.518,2.49192045198784e-09,"MARCKS","Up in Core"
1.04939657201143e-13,-0.259490263091321,0.715,0.796,2.56797835136918e-09,"DSTN","Not Significant"
1.12926017803314e-13,-0.644642006857139,0.113,0.185,2.76341258166489e-09,"AGAP2-AS1","Up in Core"
1.26019671254782e-13,-1.03779326182965,0.08,0.143,3.08382737527578e-09,"PADI1","Up in Core"
1.2802560638161e-13,-0.483025697797441,0.25,0.341,3.13291461376438e-09,"PFN2","Not Significant"
1.38919260180335e-13,0.632325337550921,0.258,0.176,3.39949321587299e-09,"HNF4A","Up in Border"
1.65193936932198e-13,-0.931983490856819,0.087,0.151,4.04246083066781e-09,"ICAM1","Up in Core"
1.66817650970423e-13,-0.423664518772735,0.414,0.502,4.08219473689723e-09,"AKR7A2","Not Significant"
1.88222417203313e-13,-0.46318635137052,0.294,0.381,4.60599077138228e-09,"MIR4435-2HG","Not Significant"
1.98968238128624e-13,0.75385507292228,0.303,0.222,4.86895175524555e-09,"FAM84A","Up in Border"
2.07629877239029e-13,-0.632859259076069,0.17,0.248,5.08091072591629e-09,"FSTL3","Up in Core"
2.20116776101966e-13,0.518638380259247,0.577,0.53,5.38647762799122e-09,"AGR2","Up in Border"
2.30995602159837e-13,-0.51454579256874,0.171,0.252,5.65269338045338e-09,"GAA","Up in Core"
2.32618590278793e-13,-0.541953886791514,0.205,0.288,5.69240952271235e-09,"SLC35B2","Up in Core"
2.35526446473696e-13,-0.521528536949213,0.249,0.33,5.76356767165782e-09,"GINM1","Up in Core"
2.39844159078771e-13,0.932621200034167,0.218,0.143,5.86922641681661e-09,"PI3","Up in Border"
2.64053589761894e-13,0.557137676120902,0.345,0.257,6.4616553950633e-09,"AKAP1","Up in Border"
2.72314363300596e-13,0.688982376747669,0.227,0.149,6.66380478432888e-09,"EVI2B","Up in Border"
2.78026196213418e-13,-0.575051238875931,0.166,0.245,6.80357904753856e-09,"ST5","Up in Core"
2.83224637341354e-13,-0.585601052916468,0.079,0.142,6.93079010038027e-09,"ZNF532","Up in Core"
2.89755087876019e-13,-0.693311718883775,0.183,0.26,7.09059675541406e-09,"SLC39A6","Up in Core"
2.94331402534986e-13,0.431193845005979,0.294,0.203,7.20258375143364e-09,"GPR160","Not Significant"
3.04408374326745e-13,-0.317022522218339,0.372,0.469,7.44917732814977e-09,"ECM1","Not Significant"
3.14295051891452e-13,0.512259066281225,0.581,0.529,7.69111421483572e-09,"TSPAN8","Up in Border"
3.45227786508622e-13,-0.455305788405755,0.39,0.471,8.44806916365248e-09,"ERLEC1","Not Significant"
3.52170988019932e-13,-0.910316409416231,0.057,0.112,8.61797624783574e-09,"TMEM237","Up in Core"
3.52725183050906e-13,-0.735899529729359,0.099,0.164,8.63153795443872e-09,"FYN","Up in Core"
3.60916610330656e-13,-0.439329112065998,0.376,0.478,8.83199037140149e-09,"SOX4","Not Significant"
4.11950984359096e-13,-0.78167003046947,0.065,0.122,1.00808525382514e-08,"PLXND1","Up in Core"
4.46188545674686e-13,-0.582482906087405,0.137,0.213,1.09186799012052e-08,"GPC1","Up in Core"
4.47083966605017e-13,-0.802347609536964,0.153,0.226,1.09405917467914e-08,"HOXB2","Up in Core"
4.61896307906123e-13,-0.43084916095845,0.217,0.302,1.13030645507707e-08,"RNF11","Not Significant"
4.81596662059633e-13,0.646285621282147,0.194,0.121,1.17851519172613e-08,"ARHGAP26","Up in Border"
4.83019193815259e-13,0.366292563962361,0.43,0.345,1.18199626918532e-08,"CES2","Not Significant"
4.84701187543364e-13,0.459781906627802,0.591,0.536,1.18611227603737e-08,"EPCAM","Not Significant"
4.93989351681949e-13,-0.684447783686356,0.155,0.228,1.2088413425009e-08,"TMEM115","Up in Core"
4.99666848663274e-13,-0.462632946390635,0.394,0.475,1.2227347453639e-08,"LMAN1","Not Significant"
5.130389417421e-13,0.38352290613644,0.71,0.723,1.25545759433709e-08,"RAC1","Not Significant"
5.46159430910102e-13,0.323421193892962,0.645,0.599,1.33650674338011e-08,"OCIAD2","Not Significant"
5.79394613697466e-13,-0.480385697416302,0.299,0.385,1.41783655917907e-08,"MYADM","Not Significant"
6.58211055091514e-13,-0.656865677239384,0.101,0.168,1.61070827291444e-08,"GNAI1","Up in Core"
6.67136900419252e-13,-0.450408394246311,0.487,0.563,1.63255070901595e-08,"GSN","Not Significant"
6.7151054990084e-13,-0.736448558885235,0.223,0.307,1.64325346666235e-08,"C10orf10","Up in Core"
6.88236132666326e-13,0.722447248493939,0.3,0.217,1.68418264024777e-08,"PTPN6","Up in Border"
7.05957789619824e-13,-0.765797495739249,0.068,0.125,1.72754930697867e-08,"SH3PXD2B","Up in Core"
7.69246193503183e-13,-0.510846074093037,0.613,0.686,1.88242236012164e-08,"DDIT4","Up in Core"
7.97995428461918e-13,-0.906298389963907,0.058,0.112,1.95277461298916e-08,"ADRA2A","Up in Core"
8.12458941585092e-13,0.599703926508418,0.288,0.206,1.98816827595288e-08,"CLRN3","Up in Border"
8.1832389738113e-13,-0.645553970730242,0.101,0.166,2.00252040928136e-08,"MTMR2","Up in Core"
8.20142071119223e-13,-0.349739134738398,0.384,0.478,2.00696966223585e-08,"BAD","Not Significant"
8.22055582321550e-13,0.480771504279229,0.465,0.386,2.01165221549907e-08,"KLF5","Not Significant"
8.70972528791416e-13,-0.651568331782689,0.24,0.319,2.13135687520547e-08,"RBFOX2","Up in Core"
9.11484508154844e-13,0.719337239348059,0.22,0.144,2.23049373990572e-08,"RBBP8NL","Up in Border"
9.19234437170327e-13,-0.657362520111331,0.076,0.136,2.24945859119951e-08,"C1QTNF6","Up in Core"
9.34905755243925e-13,-0.309585342974922,0.616,0.684,2.28780787365741e-08,"PRDX6","Not Significant"
9.81044717337652e-13,0.3949742634438,0.553,0.488,2.40071452779697e-08,"SMIM22","Not Significant"
9.92947710237616e-13,0.723850492251404,0.322,0.244,2.42984234172247e-08,"HLA-DMA","Up in Border"
1.18867643082194e-12,0.769756138087861,0.216,0.142,2.90881009386436e-08,"TMEM154","Up in Border"
1.2057706815511e-12,-0.649774072373968,0.097,0.16,2.95064143482369e-08,"GALNS","Up in Core"
1.28085530475113e-12,0.817789965950241,0.176,0.107,3.13438101625649e-08,"MARVELD2","Up in Border"
1.28945462063535e-12,0.600648815474607,0.21,0.136,3.15542440215676e-08,"ATP2C2","Up in Border"
1.39996985873749e-12,-0.604327426280783,0.218,0.295,3.42586624131651e-08,"TPBG","Up in Core"
1.43555930491711e-12,-0.353592444230141,0.307,0.404,3.51295717506267e-08,"IFI16","Not Significant"
1.4483571198512e-12,-0.534868176560815,0.294,0.376,3.54427470798787e-08,"FKBP9","Up in Core"
1.51806409471602e-12,-0.478741473148363,0.249,0.33,3.71485464617957e-08,"TMED1","Not Significant"
1.59450285290603e-12,0.562910613066721,0.289,0.208,3.90190793134635e-08,"ECI1","Up in Border"
1.70879554519143e-12,0.65085395271724,0.254,0.177,4.18159357863794e-08,"LGALS2","Up in Border"
1.74550993816318e-12,0.914556945291366,0.147,0.086,4.27143736967913e-08,"RCSD1","Up in Border"
1.7681447959268e-12,-0.750950216721221,0.082,0.141,4.32682713011247e-08,"DUSP14","Up in Core"
2.02400148895528e-12,0.486310432932852,0.16,0.094,4.95293404362246e-08,"PCK1","Not Significant"
2.05715336625613e-12,-0.30833341983112,0.351,0.446,5.03406000256538e-08,"GNAI2","Not Significant"
2.09422075582979e-12,0.347850159582632,0.55,0.479,5.12476761159107e-08,"CLDN4","Not Significant"
2.26123968695496e-12,-0.57272972814619,0.231,0.31,5.53347963794748e-08,"GOLT1B","Up in Core"
2.29030464184048e-12,-0.490912058542622,0.13,0.199,5.60460448904784e-08,"EXT2","Not Significant"
2.38887183206846e-12,-0.609446323519389,0.178,0.254,5.84580826025472e-08,"VEGFB","Up in Core"
2.42918203405959e-12,-0.696776457887588,0.132,0.201,5.94445135554721e-08,"ATXN1","Up in Core"
2.76036211282495e-12,-0.446757310241382,0.423,0.508,6.75488212629393e-08,"TMEM176A","Not Significant"
2.76627919523854e-12,0.795942810193954,0.106,0.053,6.76936181866823e-08,"C10orf99","Up in Border"
2.78791824251623e-12,-0.30860175710427,0.536,0.618,6.82231473126146e-08,"CNIH1","Not Significant"
2.81375952197277e-12,-0.836906408123584,0.054,0.105,6.88555092621956e-08,"FBLN5","Up in Core"
2.92800198190339e-12,-0.736819442144447,0.194,0.266,7.16511364991578e-08,"RAB32","Up in Core"
3.01411371491325e-12,-0.330200586302772,0.622,0.68,7.37583767176423e-08,"PGAM1","Not Significant"
3.02970588658972e-12,-0.412043249665806,0.094,0.158,7.4139932750737e-08,"RHOQ","Not Significant"
3.07814942821757e-12,-0.417572671502008,0.308,0.394,7.53253946579121e-08,"ARID5B","Not Significant"
3.12972886147865e-12,-0.31772854964267,0.503,0.585,7.65875949692442e-08,"SUMO3","Not Significant"
3.17678301830166e-12,-0.299826295051999,0.509,0.596,7.773905724086e-08,"CCDC85B","Not Significant"
3.34820652943557e-12,0.538205578985128,0.238,0.161,8.19339619818179e-08,"CD48","Up in Border"
3.40594848024751e-12,-0.465236406520911,0.388,0.47,8.33469652601369e-08,"NFE2L2","Not Significant"
3.46098354742461e-12,0.53907587456368,0.414,0.33,8.46937283890275e-08,"SH3KBP1","Up in Border"
3.52595784898077e-12,-0.414218369909021,0.422,0.504,8.62837145224084e-08,"MANF","Not Significant"
3.58014925759063e-12,-0.548129304629626,0.237,0.314,8.76098324825002e-08,"NME4","Up in Core"
3.61970684200938e-12,-0.476891653708155,0.128,0.197,8.85778461308115e-08,"CTSO","Not Significant"
3.97183768596825e-12,-0.653660247186497,0.081,0.139,9.71948400133289e-08,"HOMER3","Up in Core"
4.13090480963539e-12,-0.44873586232233,0.4,0.48,1.01087371596588e-07,"DCTN2","Not Significant"
4.17166759094613e-12,0.612580240444283,0.251,0.174,1.02084877618043e-07,"PROM1","Up in Border"
4.19036275182611e-12,-0.690858994972084,0.2,0.275,1.02542366899937e-07,"RHOBTB3","Up in Core"
4.43614940147624e-12,-0.508862417008046,0.248,0.327,1.08557012003525e-07,"FNDC3B","Up in Core"
4.64554503205707e-12,-0.414900432437669,0.308,0.389,1.13681132479469e-07,"CREG1","Not Significant"
4.72514045328481e-12,-0.3009932721012,0.349,0.44,1.15628912032333e-07,"CDIPT","Not Significant"
4.80907681358694e-12,0.684285923907423,0.155,0.092,1.17682918705286e-07,"TMEM171","Up in Border"
5.0234712659148e-12,-0.586358234707238,0.179,0.255,1.22929365348201e-07,"EPHX1","Up in Core"
5.51286028264318e-12,0.714643607652821,0.19,0.122,1.34905203976561e-07,"FGFR4","Up in Border"
5.80852123459578e-12,-0.695062499797215,0.23,0.309,1.42140323131793e-07,"CLIC3","Up in Core"
5.950196626941e-12,0.559186624775156,0.527,0.462,1.45607261657873e-07,"ISG20","Up in Border"
6.05218043091639e-12,0.488564606715536,0.491,0.413,1.48102907324955e-07,"LSR","Not Significant"
6.146486769981e-12,-0.404414055420384,0.366,0.445,1.50410677748205e-07,"LIMS1","Not Significant"
6.19179860300006e-12,-0.342647026860776,0.108,0.178,1.51519503614014e-07,"TCEA2","Not Significant"
6.27380760732549e-12,-0.594346169438422,0.121,0.189,1.53526345958862e-07,"FAM127B","Up in Core"
6.27453370396363e-12,0.686204503876264,0.4,0.317,1.53544114269694e-07,"SEL1L3","Up in Border"
6.45867058098814e-12,-0.467215632767352,0.246,0.326,1.58050127787361e-07,"SWI5","Not Significant"
6.49975657373909e-12,-0.402759789796394,0.154,0.231,1.59055543115969e-07,"UBE2Q2","Not Significant"
6.77381600602905e-12,0.964643711880172,0.121,0.066,1.65762051483537e-07,"P2RX5","Up in Border"
7.32749691507739e-12,-0.548208817703668,0.32,0.398,1.79311177008859e-07,"GOLGA2","Up in Core"
7.67138838283035e-12,-0.416243659303476,0.326,0.409,1.87726545116242e-07,"ZYX","Not Significant"
7.98665584548894e-12,-0.985194847602264,0.082,0.138,1.9544145519496e-07,"PLSCR4","Up in Core"
8.71191638838742e-12,0.644666610809539,0.264,0.19,2.13189305940229e-07,"RNF43","Up in Border"
8.98373176003213e-12,-0.391621793540353,0.417,0.488,2.19840899899746e-07,"YIPF3","Not Significant"
9.20217516318374e-12,-0.338935473556357,0.322,0.409,2.25186428418269e-07,"TLN1","Not Significant"
9.78579897998048e-12,-0.725430431599073,0.103,0.165,2.39468286839102e-07,"FAM174A","Up in Core"
1.00866631077406e-11,-0.561979943056934,0.102,0.166,2.4683073290952e-07,"LINC01116","Up in Core"
1.02142476938728e-11,0.650468893656509,0.314,0.237,2.49952855316761e-07,"IRF8","Up in Border"
1.06648269497704e-11,-0.421721745302592,0.253,0.337,2.6097898028783e-07,"BCKDK","Not Significant"
1.07847038398136e-11,0.496595347175011,0.423,0.336,2.63912487664079e-07,"TSPAN13","Not Significant"
1.07877340831971e-11,-1.41538502269477,0.066,0.117,2.63986640749915e-07,"RBP4","Up in Core"
1.09933237977093e-11,-0.82620054340078,0.079,0.134,2.69017626653744e-07,"NXN","Up in Core"
1.10695635045144e-11,-0.509065169031751,0.29,0.372,2.70883288518971e-07,"MAP1LC3A","Up in Core"
1.1768121676659e-11,-0.310623862901198,0.726,0.789,2.87977705549523e-07,"TUBA1B","Not Significant"
1.21370071438267e-11,-0.451607207406399,0.184,0.261,2.97004701816584e-07,"PGM2L1","Not Significant"
1.25574187894084e-11,0.534067080573639,0.357,0.277,3.07292595195614e-07,"SLC44A4","Up in Border"
1.41837324666408e-11,0.380748473374551,0.464,0.368,3.47090117191168e-07,"ERBB3","Not Significant"
1.45426007036666e-11,-0.410943617942947,0.303,0.383,3.55871981819425e-07,"AAMDC","Not Significant"
1.55891758238603e-11,-0.45727124335112,0.249,0.328,3.81482721585684e-07,"NAGK","Not Significant"
1.70470598496217e-11,0.66560329638281,0.224,0.154,4.17158601580092e-07,"VPREB3","Up in Border"
1.70577458843459e-11,0.759968931822123,0.19,0.126,4.17420099535829e-07,"RHOH","Up in Border"
1.75314551988677e-11,-0.814890414945847,0.107,0.167,4.29012240171492e-07,"FKBP14","Up in Core"
1.8744140579375e-11,0.497287775665012,0.288,0.207,4.58687864117885e-07,"GDF15","Not Significant"
1.99790183141486e-11,-0.471041630496338,0.069,0.125,4.88906557165529e-07,"ZSCAN18","Not Significant"
2.18077214322236e-11,-0.422743604142379,0.455,0.528,5.33656751167944e-07,"TCEAL8","Not Significant"
2.23220274020878e-11,0.669204077236,0.247,0.174,5.46242332556492e-07,"NFE2L3","Up in Border"
2.24040197201434e-11,-0.469120566128124,0.309,0.389,5.48248766571629e-07,"HIF1A","Not Significant"
2.28575852627255e-11,-0.411996460237201,0.473,0.542,5.59347968964156e-07,"TAX1BP3","Not Significant"
2.33607532626231e-11,0.669963200139988,0.253,0.18,5.71660993089651e-07,"ANXA13","Up in Border"
2.51141403158512e-11,0.387639669439571,0.448,0.362,6.14568127669194e-07,"NT5C3A","Not Significant"
2.65307214946232e-11,-0.288767591458016,0.475,0.552,6.49233285694923e-07,"NDUFAF3","Not Significant"
2.79536928985316e-11,0.324263746208414,0.455,0.37,6.84054818919966e-07,"MISP","Not Significant"
2.85629105287699e-11,0.469752733753539,0.306,0.227,6.98962983549528e-07,"RP11-357H14.17","Not Significant"
3.17912940994697e-11,-0.390490313558929,0.288,0.367,7.77964757908123e-07,"WDR45","Not Significant"
3.31535463401809e-11,-0.54588909297007,0.11,0.173,8.11300432490567e-07,"KCTD12","Up in Core"
3.39334229088145e-11,1.02022985842452,0.106,0.056,8.303847920016e-07,"SATB2","Up in Border"
3.47869220763726e-11,-0.755502658911077,0.103,0.163,8.51270770130914e-07,"ZC2HC1A","Up in Core"
3.51880091877161e-11,-0.616925532859159,0.213,0.29,8.610857728326e-07,"SPP1","Up in Core"
3.66596901423135e-11,-0.394054263689541,0.399,0.478,8.97099277472554e-07,"TNFRSF1A","Not Significant"
3.7490679026192e-11,-0.353528149874878,0.272,0.355,9.17434406449944e-07,"C1orf123","Not Significant"
3.88491668666198e-11,0.718958198753116,0.411,0.344,9.50677962393054e-07,"HLA-DPB1","Up in Border"
3.89027416047787e-11,-0.497697302655609,0.243,0.317,9.51988989810541e-07,"DAPK3","Not Significant"
3.94460577693738e-11,-0.663954828419493,0.145,0.212,9.65284479674347e-07,"IRS1","Up in Core"
3.96984429587519e-11,-0.655996671435656,0.073,0.127,9.71460597643617e-07,"ADAMTS6","Up in Core"
4.16179357326837e-11,-0.367495409469212,0.28,0.36,1.0184325053145e-06,"SEZ6L2","Not Significant"
4.16611659278996e-11,0.423210648652116,0.318,0.235,1.01949039142163e-06,"AZGP1","Not Significant"
4.40139752882624e-11,-0.527933773610078,0.284,0.356,1.07706598927907e-06,"PYCR1","Up in Core"
4.59161594903081e-11,-0.442633748736245,0.164,0.237,1.12361433888733e-06,"MAD2L2","Not Significant"
4.7419192378782e-11,-0.414319002885622,0.114,0.181,1.16039505670117e-06,"LY96","Not Significant"
4.76128649331907e-11,-0.32675071270639,0.651,0.72,1.16513441778011e-06,"NPC2","Not Significant"
4.783806173095e-11,-0.636680622988087,0.065,0.117,1.17064520861808e-06,"CFI","Up in Core"
5.22919874727156e-11,0.413962858888404,0.309,0.227,1.27963722544482e-06,"BCL2L15","Not Significant"
5.45888375911459e-11,-0.661903045352446,0.097,0.156,1.33584344469293e-06,"RARG","Up in Core"
5.62773046293642e-11,-0.662649130441599,0.248,0.319,1.37716192158517e-06,"APOE","Up in Core"
5.6773302666521e-11,-0.293550511922598,0.63,0.686,1.38929948955243e-06,"GRN","Not Significant"
5.73049841259591e-11,-0.502465377736858,0.093,0.152,1.40231026654635e-06,"PHTF2","Up in Core"
6.19700181085821e-11,-0.591862995865091,0.262,0.334,1.51646831313511e-06,"P4HA2","Up in Core"
6.19811808743115e-11,-0.537731608379326,0.39,0.457,1.51674147717528e-06,"MAGED2","Up in Core"
6.24031176888372e-11,0.321877207291899,0.26,0.183,1.52706669296354e-06,"PRR15","Not Significant"
6.35213292882991e-11,-0.50166830138529,0.247,0.322,1.55443044901397e-06,"CFAP36","Up in Core"
6.41913671391476e-11,0.602129594035303,0.166,0.104,1.57082694526208e-06,"PARM1","Up in Border"
6.69954037824553e-11,-0.407163843615155,0.25,0.33,1.63944452596046e-06,"B3GAT3","Not Significant"
6.73610928164432e-11,0.280218674025287,0.57,0.503,1.64839330231118e-06,"TSTD1","Not Significant"
6.95324294384533e-11,0.448037680326169,0.481,0.409,1.70152808078839e-06,"PRSS3","Not Significant"
7.35456203613208e-11,-0.281474075101378,0.629,0.698,1.79973487586188e-06,"AP2S1","Not Significant"
7.73386211061357e-11,-0.325634997022274,0.51,0.584,1.89255339708825e-06,"RNH1","Not Significant"
7.83198022826946e-11,1.14472560266037,0.135,0.08,1.91656388165982e-06,"FCGBP","Up in Border"
7.92927053891797e-11,-0.415666236294224,0.322,0.394,1.94037179357862e-06,"LTBP4","Not Significant"
8.02681442769626e-11,0.447114501412923,0.491,0.418,1.96424175860155e-06,"PRAP1","Not Significant"
8.29018378962263e-11,-0.581773685008404,0.083,0.138,2.02869087515855e-06,"HIP1","Up in Core"
8.31805802022914e-11,-0.288871081980528,0.493,0.569,2.03551197813027e-06,"CAMTA1","Not Significant"
8.33158900457712e-11,-0.787915265901434,0.073,0.125,2.03882314531007e-06,"SNX21","Up in Core"
8.35271972375303e-11,0.454624126559525,0.209,0.141,2.0439940435996e-06,"CDC42EP5","Not Significant"
8.91811139587048e-11,-0.3407853569933,0.487,0.561,2.18235103968346e-06,"OS9","Not Significant"
8.9963619743127e-11,-0.679594332398096,0.066,0.117,2.20149973873406e-06,"NID1","Up in Core"
9.87422112740373e-11,-0.358224453254548,0.358,0.435,2.41632065208697e-06,"ZNF428","Not Significant"
9.90277355136659e-11,0.277049422858658,0.651,0.573,2.42330771575492e-06,"SPINT2","Not Significant"
1.00336341867731e-10,0.585920068564955,0.216,0.148,2.45533062184524e-06,"CD69","Up in Border"
1.03623653784478e-10,-0.808111971238778,0.1,0.157,2.53577443175995e-06,"THBS3","Up in Core"
1.05960242952627e-10,0.552585076795409,0.396,0.319,2.59295310529372e-06,"OFD1","Up in Border"
1.06866773468377e-10,-0.268009811380836,0.475,0.566,2.61513681354465e-06,"FAAP20","Not Significant"
1.07182764868853e-10,0.579103461771236,0.24,0.169,2.62286943910569e-06,"CENPV","Up in Border"
1.1561099728659e-10,-0.445493418670788,0.138,0.204,2.82911671460015e-06,"NTAN1","Not Significant"
1.15694974025312e-10,0.819375764359849,0.139,0.083,2.83117170937342e-06,"TNS4","Up in Border"
1.20403613117154e-10,-0.348353983002716,0.397,0.472,2.94639681658987e-06,"ZCRB1","Not Significant"
1.23605389306359e-10,0.379527862481588,0.516,0.442,3.02474748171591e-06,"GPRC5A","Not Significant"
1.23656671001603e-10,-0.396796619711018,0.515,0.578,3.02600239608023e-06,"TTC3","Not Significant"
1.25429045287743e-10,-0.359383421424694,0.33,0.409,3.06937416723636e-06,"P4HA1","Not Significant"
1.41729583564677e-10,0.561096446897022,0.288,0.213,3.46826463941121e-06,"LIPH","Up in Border"
1.42353222679182e-10,-0.421222771338239,0.331,0.409,3.48352571218227e-06,"BHLHE40","Not Significant"
1.46053680256555e-10,-0.504245258916119,0.124,0.187,3.57407960955815e-06,"ATP2B4","Up in Core"
1.56616211337915e-10,-0.305800688750301,0.447,0.533,3.83255530765011e-06,"PSMC3","Not Significant"
1.56774135708458e-10,-0.263925499618196,0.47,0.542,3.83641987492167e-06,"METTL9","Not Significant"
1.56998921398706e-10,-0.375909129253542,0.266,0.343,3.84192060554774e-06,"C5orf24","Not Significant"
1.57608641354305e-10,-0.412634119691802,0.313,0.389,3.85684106258119e-06,"CUEDC2","Not Significant"
1.57629355956072e-10,-0.25629615360596,0.555,0.64,3.85734796960103e-06,"COMT","Not Significant"
1.59078270957618e-10,0.885029998806051,0.167,0.109,3.89280436860387e-06,"SOCS1","Up in Border"
1.71645147154471e-10,-0.638572810088314,0.163,0.229,4.20032839601706e-06,"PTGFRN","Up in Core"
1.73733362139448e-10,0.448867366435775,0.469,0.392,4.25142910491444e-06,"TFF1","Not Significant"
1.75923609338629e-10,0.488168598777698,0.163,0.101,4.30502664412559e-06,"GUCY2C","Not Significant"
1.76818415192576e-10,0.657932338423853,0.204,0.137,4.32692343817753e-06,"MYO7B","Up in Border"
1.90156085993762e-10,0.928406896390321,0.143,0.088,4.65330958035334e-06,"CFTR","Up in Border"
1.91277894371299e-10,-0.489650478432165,0.072,0.124,4.68076135316006e-06,"DSE","Not Significant"
1.9353538390324e-10,-0.545262469478442,0.117,0.179,4.73600437949618e-06,"HOTAIRM1","Up in Core"
2.01264689127691e-10,0.58348301181626,0.209,0.142,4.92514820764372e-06,"ADAM28","Up in Border"
2.19902286884438e-10,-0.259762020704863,0.606,0.675,5.38122886234907e-06,"RAB2A","Not Significant"
2.22432414583691e-10,-0.287731163780704,0.606,0.675,5.4431436172775e-06,"CSDE1","Not Significant"
2.25335981010024e-10,-0.880265304269038,0.06,0.108,5.51419679129629e-06,"ANGPTL4","Up in Core"
2.31579201350999e-10,-0.455961116189381,0.268,0.342,5.6669746362603e-06,"BCAR1","Not Significant"
2.34603985117299e-10,0.545761565969562,0.209,0.142,5.74099411980542e-06,"AIM1","Up in Border"
2.38120438499445e-10,-0.375011336059226,0.178,0.251,5.82704525051993e-06,"ENO2","Not Significant"
2.38601270034008e-10,-0.360119351801627,0.331,0.407,5.8388116790022e-06,"HMG20B","Not Significant"
2.49451026813673e-10,-0.27621012072104,0.565,0.64,6.10431607715739e-06,"RAB1A","Not Significant"
2.56627837061207e-10,0.763816225469927,0.184,0.121,6.27993980072479e-06,"SYK","Up in Border"
2.76899932298382e-10,-0.374735305596311,0.21,0.284,6.77601824327371e-06,"CBX1","Not Significant"
2.82393364826581e-10,0.747948530802337,0.138,0.084,6.91044803067127e-06,"FOXA2","Up in Border"
2.83951175757598e-10,0.732034147613937,0.176,0.115,6.94856922196419e-06,"MARCH1","Up in Border"
2.89788440119993e-10,0.453695965669904,0.278,0.203,7.09141291817635e-06,"SHROOM3","Not Significant"
2.96669341774916e-10,0.515379617894629,0.366,0.296,7.25979546257397e-06,"TFRC","Up in Border"
3.17855951809196e-10,-0.698755388891209,0.112,0.169,7.77825299672283e-06,"TGFBR1","Up in Core"
3.21361588465216e-10,0.515969817700587,0.215,0.148,7.86403943133231e-06,"C9orf152","Up in Border"
3.31114439005145e-10,-0.724231540211163,0.091,0.145,8.10270143689491e-06,"ABHD12B","Up in Core"
3.52489885723202e-10,0.654742060088509,0.168,0.108,8.62577999353247e-06,"PIP5K1B","Up in Border"
3.54826802588359e-10,-0.494610547536386,0.194,0.263,8.68296668613972e-06,"HYI","Not Significant"
3.7669670408333e-10,-0.428342428539697,0.187,0.257,9.21814504562317e-06,"B4GALT7","Not Significant"
3.91784670739078e-10,-0.878743757126776,0.136,0.194,9.58736267765597e-06,"C2","Up in Core"
3.93554583615062e-10,-0.428338294421076,0.173,0.242,9.63067421564419e-06,"KIAA0930","Not Significant"
3.98702830327875e-10,-0.507951598432711,0.226,0.297,9.75665696095342e-06,"RIN2","Up in Core"
4.26459795006308e-10,0.570970434161037,0.222,0.155,1.04358976435994e-05,"TOX3","Up in Border"
4.31897056893272e-10,0.378850928049211,0.45,0.372,1.05689528792353e-05,"CDH1","Not Significant"
4.37652973432784e-10,0.444773189351519,0.591,0.545,1.07098059128737e-05,"LGALS4","Not Significant"
4.45508868356609e-10,0.690873095512025,0.194,0.132,1.09020475175546e-05,"ARSE","Up in Border"
4.71171017343455e-10,-1.49744219736833,0.172,0.238,1.15300259654117e-05,"CXCL8","Up in Core"
4.91293090787565e-10,-0.308510391939164,0.405,0.485,1.20224332246625e-05,"TXNDC12","Not Significant"
4.93557263065348e-10,-0.421095649817255,0.429,0.501,1.20778397844721e-05,"PDLIM5","Not Significant"
5.16672297724199e-10,-0.696509763076764,0.08,0.132,1.26434877976089e-05,"BLMH","Up in Core"
5.27752761674297e-10,-0.57334491244285,0.191,0.26,1.29146378309317e-05,"PCGF2","Up in Core"
5.28288579252135e-10,-0.344047828524111,0.061,0.109,1.2927749822879e-05,"LIMS2","Not Significant"
5.46987005795618e-10,-0.58298140661378,0.128,0.188,1.33853190188246e-05,"WDR41","Up in Core"
5.56692318725964e-10,-0.485370662756831,0.113,0.171,1.36228177315431e-05,"GALNT11","Not Significant"
5.5962689976551e-10,0.574449373300635,0.235,0.166,1.36946298641618e-05,"MECOM","Up in Border"
5.70726541485072e-10,-0.413921626086177,0.285,0.352,1.39662491966812e-05,"YIPF5","Not Significant"
6.01350336731093e-10,0.682639333279915,0.178,0.116,1.47156440901466e-05,"SLCO4A1-AS1","Up in Border"
6.16141753728077e-10,0.396002422411717,0.286,0.21,1.50776048554798e-05,"CBLC","Not Significant"
6.22357170016611e-10,0.468727210791252,0.314,0.238,1.52297023074765e-05,"ATP10B","Not Significant"
6.45855297528845e-10,0.753008977388339,0.182,0.123,1.58047249858284e-05,"PROSER1","Up in Border"
6.46289408209887e-10,-0.443501551307449,0.257,0.329,1.58153481083042e-05,"FAM63B","Not Significant"
6.50994074669986e-10,-0.814776409849589,0.063,0.11,1.59304760012492e-05,"SMAD7","Up in Core"
6.92346444625392e-10,0.762334169484607,0.156,0.101,1.6942409846428e-05,"LY86","Up in Border"
7.23808159342722e-10,-0.848345061187499,0.437,0.508,1.77123094672757e-05,"IER3","Up in Core"
7.27731427190424e-10,-0.519854359944343,0.198,0.264,1.78083157547769e-05,"IFT22","Up in Core"
7.54662822338577e-10,-0.279069390946809,0.375,0.451,1.84673539254473e-05,"SCOC","Not Significant"
8.07608496606436e-10,0.511048852487058,0.246,0.178,1.97629875204561e-05,"PKP2","Up in Border"
8.21345033956223e-10,0.423362339350671,0.259,0.188,2.00991343259427e-05,"GJB1","Not Significant"
8.43687714279743e-10,-0.442280860796145,0.314,0.384,2.06458820561396e-05,"SEC23A","Not Significant"
9.22719330277216e-10,-0.650966743740745,0.15,0.217,2.25798647312138e-05,"KRT16","Up in Core"
9.40136377659732e-10,-0.647565154512184,0.081,0.131,2.30060772977113e-05,"GAS2L1","Up in Core"
9.47258289172317e-10,-0.645136680425158,0.085,0.137,2.31803575943358e-05,"TK2","Up in Core"
1.00906071426633e-09,-0.612291670703996,0.075,0.125,2.46927247388113e-05,"ABCA1","Up in Core"
1.03436067845589e-09,-0.37460635925736,0.452,0.523,2.53118401624941e-05,"MRPL36","Not Significant"
1.03699625958021e-09,-0.379609931349292,0.279,0.353,2.53763354681873e-05,"AGTRAP","Not Significant"
1.06632781285637e-09,-0.257405663251452,0.528,0.609,2.60941079084083e-05,"ISCU","Not Significant"
1.07008385514895e-09,-0.677405272144683,0.116,0.172,2.61860220193499e-05,"BEST1","Up in Core"
1.12566699459394e-09,-0.762335582469759,0.117,0.173,2.75461970247082e-05,"RCAN1","Up in Core"
1.12694804644012e-09,0.518880402793399,0.194,0.133,2.75775456444362e-05,"FOXA3","Up in Border"
1.15362220264752e-09,0.790147983939873,0.169,0.112,2.82302889209874e-05,"BCL2L14","Up in Border"
1.25339915621313e-09,-0.470196860846242,0.17,0.235,3.06719307516914e-05,"MAP4K5","Not Significant"
1.30837676505981e-09,-0.54510216043267,0.074,0.124,3.20172878177787e-05,"FUT11","Up in Core"
1.32994084694371e-09,0.397775129857304,0.336,0.26,3.25449824655595e-05,"TJP2","Not Significant"
1.37670329995066e-09,-0.386687368733849,0.347,0.423,3.36893064530926e-05,"ARMCX3","Not Significant"
1.41142677985372e-09,-0.807503578889878,0.11,0.164,3.45390247298004e-05,"MMD","Up in Core"
1.42075735383943e-09,0.54964950415716,0.254,0.185,3.47673532058046e-05,"TMEM92","Up in Border"
1.42739656307105e-09,-0.595871037870416,0.074,0.124,3.49298212949116e-05,"SNX18","Up in Core"
1.42793434358402e-09,-0.486861746613412,0.301,0.377,3.49429813218447e-05,"KCNQ1OT1","Not Significant"
1.46813940919341e-09,0.677188383936892,0.241,0.177,3.59268394823718e-05,"CD53","Up in Border"
1.48028486142273e-09,-0.43354910148445,0.227,0.294,3.62240508438757e-05,"GLMP","Not Significant"
1.51522207273013e-09,-0.412296669944887,0.27,0.341,3.7078999341779e-05,"RSU1","Not Significant"
1.5438329108792e-09,-0.584157477665041,0.137,0.196,3.7779135162125e-05,"TPST2","Up in Core"
1.55071351493019e-09,0.35143038822025,0.224,0.158,3.79475104238567e-05,"IQGAP2","Not Significant"
1.71602564996226e-09,0.675264449143379,0.636,0.659,4.19928636802264e-05,"KRT18","Up in Border"
1.76416787174188e-09,0.769445354598318,0.146,0.092,4.31709519893955e-05,"PFKFB2","Up in Border"
1.81828481711482e-09,-0.258361694788934,0.506,0.58,4.44952477596167e-05,"LRPAP1","Not Significant"
1.83050254896693e-09,-0.277655687037502,0.416,0.494,4.47942278757697e-05,"RNASEH2C","Not Significant"
1.83241095231475e-09,-0.307248891636155,0.565,0.633,4.48409284140942e-05,"MORF4L2","Not Significant"
1.83512442421678e-09,-0.278532568170975,0.415,0.494,4.49073297850089e-05,"DAP","Not Significant"
1.84595687948547e-09,-0.337488316294142,0.104,0.162,4.5172410797889e-05,"MLF1","Not Significant"
1.8566799583387e-09,0.986427400206319,0.162,0.108,4.54348152605063e-05,"ANXA10","Up in Border"
1.86636194265119e-09,-0.29658272408815,0.638,0.703,4.56717430986173e-05,"PDIA3","Not Significant"
1.94771842728081e-09,-0.752174435437689,0.057,0.101,4.76626176339887e-05,"RP11-395G23.3","Up in Core"
1.96836298211153e-09,0.331439922219512,0.351,0.273,4.81678105352513e-05,"AGR3","Not Significant"
1.98579914694222e-09,0.757291551098179,0.197,0.138,4.85944909248231e-05,"PTPRC","Up in Border"
1.99296123679711e-09,0.754689393583721,0.245,0.183,4.8769754425662e-05,"SMAP2","Up in Border"
2.03390734693598e-09,0.676992060958195,0.226,0.165,4.97717466868703e-05,"POU2F2","Up in Border"
2.0441088186165e-09,-0.563493208904458,0.166,0.226,5.00213869003644e-05,"PTGR1","Up in Core"
2.06474148014154e-09,-0.339095278933481,0.245,0.318,5.05262887605436e-05,"UROS","Not Significant"
2.16172106982493e-09,0.521200173484611,0.183,0.123,5.28994762996858e-05,"CDX2","Up in Border"
2.19137758809373e-09,0.440707041809669,0.272,0.201,5.36252009582417e-05,"AMN","Not Significant"
2.20437389167675e-09,0.424698136035124,0.26,0.188,5.39432335032217e-05,"SERPINB5","Not Significant"
2.30038306695701e-09,0.538906414708122,0.208,0.145,5.62926740315051e-05,"FZD5","Up in Border"
2.36455690222849e-09,-0.437901278141588,0.233,0.302,5.78630719544334e-05,"CLDND1","Not Significant"
2.39238286860645e-09,-0.363722504566474,0.461,0.525,5.85440011776685e-05,"ID2","Not Significant"
2.4475510164012e-09,0.750538022636285,0.142,0.09,5.98940209223538e-05,"TRABD2A","Up in Border"
2.50547902291564e-09,-0.563406922196224,0.272,0.339,6.13115771697686e-05,"CCPG1","Up in Core"
2.54162342161226e-09,-0.62227505336734,0.136,0.193,6.21960667502735e-05,"DCBLD1","Up in Core"
2.57080022756261e-09,0.731717946010705,0.168,0.112,6.29100523686847e-05,"BBC3","Up in Border"
2.65682636030271e-09,-0.30376589495254,0.263,0.334,6.50151978629676e-05,"TP53I13","Not Significant"
2.71188360159074e-09,0.67813730423288,0.201,0.141,6.6362503614527e-05,"SORD","Up in Border"
2.75734315464696e-09,0.540933151240675,0.215,0.151,6.74749443373658e-05,"STRBP","Up in Border"
2.79359309187472e-09,-0.397728677032391,0.178,0.243,6.83620165512662e-05,"C6orf1","Not Significant"
2.79838684612551e-09,0.566481229772593,0.412,0.352,6.84793245115373e-05,"SLC12A2","Up in Border"
2.86821812670147e-09,-0.437026595944598,0.324,0.401,7.01881657785117e-05,"GADD45B","Not Significant"
2.92689983656456e-09,-0.300069530945954,0.495,0.563,7.16241659005714e-05,"ATP6AP2","Not Significant"
2.93232105150056e-09,-0.297070589771445,0.519,0.583,7.17568284512703e-05,"TMED3","Not Significant"
2.95887208581946e-09,-0.296898243859572,0.399,0.469,7.2406558812088e-05,"RCN2","Not Significant"
3.11322517302893e-09,-0.633773186466328,0.083,0.132,7.61837332091909e-05,"NMU","Up in Core"
3.12222010472961e-09,-0.278192782550005,0.506,0.584,7.64038481828382e-05,"AHNAK","Not Significant"
3.27862082772109e-09,-0.328804490578231,0.38,0.448,8.02311302751629e-05,"CETN2","Not Significant"
3.40099745258467e-09,-0.588536940580096,0.082,0.132,8.32258086621994e-05,"C5orf42","Up in Core"
3.58858785879272e-09,-0.305309234973204,0.413,0.486,8.78163334925167e-05,"ISOC2","Not Significant"
3.61400860747866e-09,-0.272143326392277,0.075,0.124,8.84384046336102e-05,"CCDC28B","Not Significant"
3.65110772434634e-09,-0.555717210719969,0.08,0.13,8.93462571224793e-05,"NRP1","Up in Core"
3.74123548454413e-09,-0.37458686564459,0.376,0.444,9.15517735422795e-05,"MPZL1","Not Significant"
3.78512316411342e-09,-0.254719478735099,0.53,0.595,9.26257489490196e-05,"TMEM14C","Not Significant"
3.81881036314709e-09,-0.259208231556297,0.252,0.327,9.34501083965725e-05,"PQLC3","Not Significant"
3.83005420722117e-09,0.613949255317534,0.118,0.07,9.37252565049093e-05,"LRG1","Up in Border"
3.85594064508389e-09,0.453743019048128,0.25,0.184,9.4358723525848e-05,"GPR35","Not Significant"
3.91586387202158e-09,0.445604429294497,0.269,0.201,9.582510481224e-05,"LINC01207","Not Significant"
3.93434005972458e-09,-0.52867068184913,0.098,0.151,9.62772356015202e-05,"KLK7","Up in Core"
4.07426258663699e-09,0.678841106127627,0.225,0.161,9.97012797575938e-05,"LINC00926","Up in Border"
4.07567756490942e-09,-0.504301652507697,0.073,0.121,9.97359056908985e-05,"CFL2","Up in Core"
4.1276329017759e-09,-0.345861571456586,0.287,0.356,0.000101007304739358,"TMEM9","Not Significant"
4.17764733317752e-09,-0.367119697901917,0.116,0.172,0.000102231207890187,"OSTM1","Not Significant"
4.19727252604313e-09,-0.667580617846298,0.103,0.156,0.000102711455984801,"ARHGEF10","Up in Core"
4.36600424018753e-09,-0.398342679398691,0.278,0.347,0.000106840489761629,"MANBAL","Not Significant"
4.47485374679744e-09,-0.340929622796717,0.335,0.41,0.00010950414603788,"IFT20","Not Significant"
4.62669181536443e-09,-0.73663472630541,0.176,0.237,0.000113219775413783,"SOCS3","Up in Core"
4.71826608539575e-09,0.830568888596117,0.138,0.089,0.000115460689375719,"CD19","Up in Border"
4.74610628729064e-09,-0.396762477144726,0.29,0.361,0.000116141966956289,"GCSH","Not Significant"
4.80232453936065e-09,-0.337076514779281,0.318,0.39,0.000117517683802695,"OSBPL8","Not Significant"
4.92552242616512e-09,-0.573488565137593,0.108,0.161,0.000120532459290687,"STK19","Up in Core"
4.93090066885485e-09,-0.422792867135294,0.24,0.307,0.000120664070267547,"IFT43","Not Significant"
5.11752336515895e-09,-0.717140007188165,0.086,0.135,0.000125230914268805,"KDELC2","Up in Core"
5.2761544224385e-09,-0.537088838758506,0.179,0.24,0.000129112774871492,"AZI2","Up in Core"
5.28340798359062e-09,-0.470871259381557,0.083,0.133,0.000129290276766446,"SEC22C","Not Significant"
5.37545839762099e-09,-0.522387873245245,0.184,0.246,0.000131542842448183,"GNPTAB","Up in Core"
5.46556548228202e-09,0.512368471681567,0.265,0.197,0.000133747852916923,"SLCO4A1","Up in Border"
5.65386809408192e-09,-0.500858769989071,0.151,0.211,0.000138355806130279,"FAM198B","Up in Core"
5.65622481100279e-09,-0.563532125920472,0.153,0.211,0.000138413477350049,"RAD1","Up in Core"
5.76648814665599e-09,-0.457230815472532,0.287,0.353,0.000141111731436819,"UGDH","Not Significant"
5.86808436255192e-09,0.473145667135173,0.242,0.177,0.000143597892436008,"BAIAP2L2","Not Significant"
6.05718357549861e-09,-0.351617933136929,0.28,0.352,0.000148225339276027,"C5orf15","Not Significant"
6.07506530537582e-09,-0.304383794062507,0.402,0.481,0.000148662923087852,"PLA2G16","Not Significant"
6.13309915486861e-09,-0.740650075570864,0.2,0.26,0.00015008306941879,"CCDC34","Up in Core"
6.18495964584552e-09,-0.279396179356475,0.702,0.757,0.000151352147493486,"ZFP36L1","Not Significant"
6.32162737455537e-09,0.461625648907888,0.339,0.274,0.000154696543482744,"TRIM2","Not Significant"
6.38732856051497e-09,-0.253323006104719,0.202,0.271,0.000156304317204362,"OSBPL9","Not Significant"
6.4275838238994e-09,-0.39164506697332,0.178,0.242,0.000157289403754642,"HK1","Not Significant"
6.61859235274472e-09,0.729815385921845,0.185,0.13,0.000161963573464016,"EEPD1","Up in Border"
6.78649846833612e-09,-0.859291790577526,0.07,0.115,0.000166072404018653,"FAM83A","Up in Core"
6.89203721280733e-09,-0.335696083309102,0.402,0.472,0.000168655042634608,"REEP3","Not Significant"
7.21036766979485e-09,-0.442112291085765,0.231,0.295,0.00017644490724755,"SHC1","Not Significant"
7.44770334116162e-09,-0.697520475159793,0.108,0.16,0.000182252748461566,"C11orf74","Up in Core"
7.56671903429892e-09,-0.596653478639896,0.099,0.15,0.000185165181488329,"CEP164","Up in Core"
7.58491470680785e-09,-0.600808652664632,0.129,0.185,0.000185610447790295,"CRAT","Up in Core"
7.60039670900677e-09,0.417422076749628,0.274,0.209,0.000185989307866105,"SMIM24","Not Significant"
8.08870157274251e-09,-0.674915138495844,0.096,0.145,0.000197938616186582,"PLPP3","Up in Core"
8.50540160915573e-09,-0.574564964707689,0.103,0.155,0.00020813568277765,"FOXO1","Up in Core"
8.51296014475224e-09,-0.567192596294131,0.258,0.317,0.000208320647702232,"MAGED1","Up in Core"
8.746646359997e-09,0.528149652845332,0.39,0.322,0.000214039183075487,"STK4","Up in Border"
8.78736083111019e-09,0.589382718861969,0.172,0.117,0.000215035506898097,"HSD17B2","Up in Border"
8.80880732306978e-09,0.575460429842285,0.252,0.194,0.000215560324002841,"CTSE","Up in Border"
8.92937323909116e-09,-0.503657176849033,0.064,0.108,0.0002185106925338,"SRGAP2C","Up in Core"
9.0024054757246e-09,0.517348056143757,0.18,0.123,0.000220297864396457,"TPRN","Up in Border"
9.07483020503657e-09,-0.426768921596207,0.197,0.259,0.00022207016994745,"C11orf24","Not Significant"
9.13867075450364e-09,0.554863444570101,0.24,0.178,0.000223632412033458,"ACSS2","Up in Border"
9.49188775699646e-09,-0.679980026848324,0.083,0.132,0.00023227598530146,"SLC16A1-AS1","Up in Core"
9.67424417562486e-09,0.486908985188354,0.124,0.075,0.000236738429221716,"DDC","Not Significant"
9.72381518787236e-09,-0.257740777331958,0.42,0.493,0.000237951481462425,"IAH1","Not Significant"
9.73978056359812e-09,-0.288385101219991,0.705,0.756,0.00023834217017181,"C9orf16","Not Significant"
9.80263916441249e-09,-0.340407855477456,0.367,0.438,0.000239880382992338,"CDK4","Not Significant"
9.90178108901398e-09,-0.613858863887312,0.191,0.249,0.000242306485029261,"STEAP1","Up in Core"
1.11975461206041e-08,-0.371522915389555,0.294,0.364,0.000274015151117302,"DGCR6L","Not Significant"
1.13132236786563e-08,-1.00357564112937,0.064,0.107,0.000276845896640399,"MUC4","Up in Core"
1.156283481726e-08,-0.30598755601991,0.252,0.323,0.000282954130813169,"ODF2L","Not Significant"
1.16489816104071e-08,-0.343364882442023,0.147,0.205,0.000285062228988271,"MTFR1L","Not Significant"
1.17195841593881e-08,-0.404175098505585,0.074,0.122,0.000286789943964386,"KLHL5","Not Significant"
1.19924706655602e-08,-0.267582943059989,0.357,0.431,0.000293467749656924,"LMO4","Not Significant"
1.21966110505454e-08,-0.459994707765265,0.186,0.248,0.000298463269017898,"PYGL","Not Significant"
1.22197966186534e-08,-0.653555666786638,0.081,0.128,0.000299030643055068,"TRAM2","Up in Core"
1.29870356174047e-08,-0.633771180927191,0.215,0.277,0.000317805748593511,"ADM","Up in Core"
1.37046859141266e-08,-0.423503633489952,0.259,0.321,0.000335367369004593,"COPS7A","Not Significant"
1.42413899729583e-08,0.57365528438808,0.518,0.485,0.000348501054028263,"ATP1B1","Up in Border"
1.43027823705273e-08,0.66045569479846,0.404,0.345,0.000350003387389174,"SCD","Up in Border"
1.44479835645116e-08,0.336004132398044,0.301,0.23,0.000353556605807163,"MACC1","Not Significant"
1.44768072735198e-08,-0.341801257076535,0.318,0.379,0.000354261950790303,"MGAT1","Not Significant"
1.50923470028044e-08,0.487300992678931,0.138,0.088,0.000369324823505627,"LINC00675","Not Significant"
1.52880942552478e-08,-0.639830963925237,0.199,0.26,0.000374114954520168,"SMTN","Up in Core"
1.54464740371678e-08,-0.455492477468596,0.115,0.168,0.000377990666163533,"SYNPO","Not Significant"
1.64466424807262e-08,0.573557510451193,0.31,0.245,0.00040246578814585,"BIRC3","Up in Border"
1.77336967239744e-08,-0.588630220993333,0.096,0.146,0.000433961292532379,"PTPRG","Up in Core"
1.82486713433172e-08,-0.285591025957112,0.254,0.319,0.000446563236442314,"OAZ2","Not Significant"
1.8504378201558e-08,0.935721235142122,0.103,0.062,0.000452820638970326,"PRKCB","Up in Border"
1.85825954523845e-08,-0.347737524138246,0.266,0.336,0.000454734693315302,"BORCS7","Not Significant"
1.8754392987927e-08,0.32407307261879,0.574,0.537,0.000458938750807562,"C12orf75","Not Significant"
1.90444945833257e-08,0.448415369087724,0.368,0.308,0.000466037826948563,"PYGB","Not Significant"
1.93969568496355e-08,0.310513734529319,0.315,0.243,0.000474662931067431,"ADAP1","Not Significant"
1.94317287611244e-08,-0.802664329074626,0.093,0.141,0.000475513834513476,"TBC1D2B","Up in Core"
1.97517033931768e-08,-0.752144176636727,0.083,0.127,0.00048334393373443,"CTNNAL1","Up in Core"
1.99282318803515e-08,-0.36295198906225,0.269,0.338,0.000487663762344082,"NPTN","Not Significant"
2.04349719846405e-08,-0.323990663863854,0.384,0.451,0.000500064199436139,"LSM1","Not Significant"
2.11612879657519e-08,-0.702297246486999,0.097,0.146,0.000517837877809915,"CDKN1C","Up in Core"
2.13378225185855e-08,-0.458305706235047,0.184,0.245,0.000522157854852307,"FLYWCH2","Not Significant"
2.14081191554787e-08,0.498477893794872,0.271,0.207,0.00052387808385372,"OCLN","Not Significant"
2.14680790137921e-08,-0.314092317285023,0.347,0.422,0.000525345361546507,"TMEM126B","Not Significant"
2.15408945166849e-08,-0.275059840445345,0.255,0.323,0.000527127229717797,"ITPRIPL2","Not Significant"
2.1867913222597e-08,-0.47607838171548,0.174,0.231,0.000535129704470172,"SULF2","Not Significant"
2.20869754250973e-08,0.635484372036426,0.112,0.068,0.000540490375627556,"ELFN1-AS1","Up in Border"
2.25293646387788e-08,0.312770960021226,0.372,0.297,0.000551316082075557,"DSP","Not Significant"
2.36796096839931e-08,-0.276692975347767,0.219,0.284,0.000579463728576994,"SLC39A3","Not Significant"
2.37894644700872e-08,0.301074317385955,0.285,0.214,0.000582151985047505,"GALNT3","Not Significant"
2.46928558928734e-08,-0.657288547654706,0.089,0.136,0.000604258876554505,"CHSY1","Up in Core"
2.52058392019611e-08,-0.348615929600362,0.08,0.127,0.000616812091111191,"CEP170","Not Significant"
2.5825770980967e-08,-1.0307833879263,0.061,0.101,0.000631982441675244,"HOXB-AS1","Up in Core"
2.71336314712781e-08,0.491539181411274,0.262,0.197,0.000663987095733645,"GPA33","Not Significant"
2.72680556543969e-08,-0.343338133506697,0.42,0.492,0.000667276589918748,"FHL2","Not Significant"
2.73808233029916e-08,0.294189426143601,0.401,0.324,0.000670036127047508,"VIL1","Not Significant"
2.8112212885664e-08,0.375703764469596,0.196,0.137,0.000687933961525083,"ARFGEF3","Not Significant"
2.84220885221004e-08,0.403824143706833,0.28,0.212,0.000695516928224318,"MANSC1","Not Significant"
2.87560890817274e-08,-0.454653614874544,0.271,0.332,0.000703690255918952,"GOPC","Not Significant"
2.96221382644848e-08,-0.871126102074616,0.069,0.111,0.000724883345470208,"AGPAT4","Up in Core"
3.02506096574739e-08,-0.305995893807439,0.423,0.493,0.000740262668928043,"EMC7","Not Significant"
3.05776529678528e-08,-0.535494253313835,0.139,0.193,0.000748265745776326,"FAHD2A","Up in Core"
3.13059125501224e-08,0.600921288173088,0.184,0.13,0.000766086986014046,"TSPAN12","Up in Border"
3.29341892105276e-08,0.469753609611122,0.274,0.209,0.000805932544170821,"ABHD17C","Not Significant"
3.44534435840293e-08,0.811705601661798,0.127,0.081,0.00084311021794478,"POU2AF1","Up in Border"
3.5302004571312e-08,0.760781569299724,0.16,0.11,0.000863875353864577,"HOXB9","Up in Border"
3.55015337495416e-08,0.605388435391493,0.155,0.105,0.000868758032385032,"CCL28","Up in Border"
3.63636286483739e-08,0.502781578259324,0.204,0.146,0.000889854356654358,"CORO2A","Up in Border"
3.67254629955241e-08,0.477299769100161,0.212,0.154,0.00089870880496347,"HKDC1","Not Significant"
3.69462416798744e-08,0.304039477410854,0.467,0.395,0.000904111480148207,"MAL2","Not Significant"
3.80057140737771e-08,-0.542390739053802,0.124,0.176,0.000930037829099399,"BCL9L","Up in Core"
3.82045312354692e-08,-0.360163984199393,0.242,0.308,0.000934903083863167,"UBE2F","Not Significant"
4.01961191226385e-08,0.405612036926985,0.245,0.182,0.000983639231050087,"MUC3A","Not Significant"
4.05803495866616e-08,-0.621733279675486,0.195,0.249,0.000993041734735195,"KLK6","Up in Core"
4.0722072148205e-08,1.15980810275966,0.1,0.059,0.000996509827538724,"NUAK2","Up in Border"
4.11148682903849e-08,-0.259928382650005,0.237,0.302,0.00100612194193401,"RIC8A","Not Significant"
4.14054141191947e-08,-0.668247442901756,0.081,0.125,0.00101323188891081,"XXYLT1","Up in Core"
4.2503384597192e-08,-0.426466935819811,0.283,0.349,0.00104010032447789,"MMP7","Not Significant"
4.46374866683927e-08,0.619921284634797,0.124,0.078,0.00109232393626224,"ARHGAP4","Up in Border"
4.48481586686652e-08,-0.279855418543321,0.369,0.442,0.00109747929078091,"CCDC124","Not Significant"
4.51477875695729e-08,0.506223547645102,0.236,0.175,0.00110481150961502,"NOXO1","Up in Border"
4.58146175390218e-08,0.553191321970361,0.159,0.108,0.0011211295057974,"BLNK","Up in Border"
4.59865453957297e-08,-0.259670305109847,0.061,0.103,0.0011253367523789,"CCDC106","Not Significant"
4.6309039451886e-08,-0.679818362460621,0.106,0.156,0.0011332285044271,"CA9","Up in Core"
4.6612792275163e-08,-0.436139175493132,0.212,0.274,0.00114066163976551,"PEA15","Not Significant"
4.67234401886653e-08,0.53831386900027,0.126,0.08,0.00114336930485683,"A1CF","Up in Border"
4.69226031388737e-08,0.315355806361101,0.384,0.312,0.00114824302141138,"FERMT1","Not Significant"
4.72322279599512e-08,-0.427376886693803,0.211,0.27,0.00115581985040797,"NT5C3B","Not Significant"
4.82142295435768e-08,0.412975520840164,0.212,0.153,0.00117985041116087,"DNASE1","Not Significant"
4.84753050335666e-08,-0.306507416042824,0.504,0.572,0.00118623918947641,"PRDX4","Not Significant"
4.93378474620546e-08,-0.522438454606583,0.145,0.2,0.00120734646524394,"MFSD11","Up in Core"
4.97025248608107e-08,-0.366297592320701,0.189,0.247,0.0012162704858689,"BTG3","Not Significant"
5.03623441243564e-08,-0.831568634111271,0.062,0.102,0.00123241692306713,"CYTH3","Up in Core"
5.0400910430831e-08,0.380252969658631,0.329,0.266,0.00123336067915287,"GMDS","Not Significant"
5.08681154925976e-08,-0.259801889463297,0.497,0.565,0.00124479365421936,"COPS6","Not Significant"
5.18104973811553e-08,0.384243199035013,0.368,0.301,0.00126785468141425,"STXBP2","Not Significant"
5.21719605158188e-08,-0.393640944475512,0.521,0.571,0.0012767000457826,"APLP2","Not Significant"
5.3930797965101e-08,-0.546690849697024,0.121,0.172,0.00131974055700399,"MARVELD1","Up in Core"
5.4770770645514e-08,0.376231993875893,0.27,0.204,0.00134029552846637,"FUT3","Not Significant"
5.55409831252233e-08,-0.283061264475943,0.205,0.27,0.00135914339805734,"BHLHE41","Not Significant"
5.56228516665642e-08,-0.444485740918249,0.207,0.267,0.00136114680313249,"MOCS2","Not Significant"
5.71485205339798e-08,-0.332917148157332,0.145,0.198,0.00139848144598702,"TYW3","Not Significant"
5.74072173355115e-08,-0.3107057774261,0.258,0.321,0.0014048120154173,"PRKRA","Not Significant"
5.91322971885467e-08,-0.380946958065606,0.223,0.286,0.00144702644450093,"AKT1S1","Not Significant"
6.00433993561691e-08,-0.392363445979367,0.246,0.307,0.00146932202564481,"ARHGAP1","Not Significant"
6.01641786295118e-08,0.377981273986264,0.348,0.286,0.00147227761524278,"STAP2","Not Significant"
6.06557756453904e-08,0.468611681720933,0.226,0.166,0.00148430748581835,"SH3BGRL2","Not Significant"
6.06989516913309e-08,-0.530939255005703,0.169,0.225,0.00148536404683856,"SPIN1","Up in Core"
6.09290974980376e-08,0.612291833017023,0.15,0.1,0.00149099594487448,"TM4SF20","Up in Border"
6.10263886256577e-08,-0.251970949497423,0.36,0.428,0.00149337675605847,"ERCC1","Not Significant"
6.11859135019591e-08,-0.288559960927617,0.428,0.493,0.00149728048930644,"EI24","Not Significant"
6.37438981555622e-08,-0.425023079010673,0.172,0.23,0.00155987693176476,"ZNF32","Not Significant"
6.48394038310024e-08,-0.337421866888959,0.265,0.331,0.00158668505114846,"SMCO4","Not Significant"
6.51737668927299e-08,-0.320666120334226,0.347,0.411,0.00159486724963199,"TGIF1","Not Significant"
6.54008154505159e-08,-0.396686302057474,0.101,0.152,0.00160042335488958,"SCRN1","Not Significant"
6.61502630399512e-08,-0.433707160817777,0.156,0.212,0.00161876308685065,"YIF1B","Not Significant"
6.67357347910882e-08,-0.575030205821475,0.088,0.134,0.00163309016607272,"AC093673.5","Up in Core"
6.70917015389023e-08,0.633287731335573,0.168,0.118,0.00164180102835848,"RP11-160E2.6","Up in Border"
6.9825104093741e-08,-0.756968682440565,0.168,0.221,0.00170869012227794,"PLIN2","Up in Core"
7.1107184701266e-08,0.328130624519129,0.179,0.124,0.00174006391682468,"SLC7A11","Not Significant"
7.53397421684826e-08,-0.356959616430187,0.219,0.281,0.00184363883060494,"TMEM263","Not Significant"
7.54707394486008e-08,-0.429748124435965,0.265,0.327,0.00184684446504671,"FBLIM1","Not Significant"
7.58073661779063e-08,-0.642902265289428,0.069,0.111,0.00185508205773955,"PBX3","Up in Core"
7.68224284542347e-08,-0.259350837288789,0.414,0.481,0.00187992164670358,"ANXA7","Not Significant"
7.72662240887928e-08,-0.332572513247192,0.335,0.402,0.00189078176967685,"PTS","Not Significant"
7.84017477744115e-08,0.536242397413957,0.375,0.322,0.00191856916978762,"IDI1","Up in Border"
8.08114013697733e-08,0.538692105782343,0.197,0.142,0.00197753580291972,"GDA","Up in Border"
8.28394242380707e-08,0.437894252114428,0.237,0.176,0.00202716355052983,"RASSF6","Not Significant"
8.48446668523356e-08,-0.441945942223666,0.317,0.378,0.0020762338425435,"SLC25A37","Not Significant"
8.65826219527337e-08,0.43367906590123,0.704,0.729,0.00211876334180535,"IFI27","Not Significant"
8.73103468021255e-08,-0.514908126837804,0.09,0.137,0.00213657149659481,"SSH1","Up in Core"
8.74730573495617e-08,0.508677234779131,0.171,0.118,0.00214055318640112,"FAAH","Up in Border"
8.84932353608999e-08,-0.337817491145072,0.335,0.401,0.00216551796251658,"HEXA","Not Significant"
8.85339712291089e-08,-0.40105338168447,0.201,0.258,0.00216651480994752,"TMEM189","Not Significant"
9.05009713626649e-08,-0.452260038593393,0.138,0.191,0.00221464927021577,"WBP1L","Not Significant"
9.09021734198576e-08,0.772604324829199,0.127,0.082,0.00222446708575734,"FUT6","Up in Border"
9.11855803782903e-08,0.334975906738523,0.344,0.279,0.00223140233743714,"TMEM63A","Not Significant"
9.56244789277313e-08,0.678562065367353,0.147,0.098,0.00234002662384051,"FRK","Up in Border"
9.82460992619886e-08,-0.260219990674117,0.407,0.476,0.00240418029504012,"IER3IP1","Not Significant"
1.00100858885121e-07,-0.438269392636871,0.206,0.264,0.00244956811777779,"AAK1","Not Significant"
1.00251635513709e-07,-0.645191064645182,0.099,0.145,0.00245325777265597,"KLHL7","Up in Core"
1.00380554613032e-07,-0.275656767138271,0.254,0.319,0.0024564125519355,"LMF2","Not Significant"
1.00617255159258e-07,-0.392948035530132,0.162,0.217,0.00246220485100219,"CTD-2336O2.1","Not Significant"
1.02570282738734e-07,-0.269054774837158,0.435,0.493,0.00250999738889956,"ARL1","Not Significant"
1.03242126357993e-07,-0.469545080017494,0.148,0.204,0.00252643807410644,"AK4","Not Significant"
1.03416969150258e-07,0.477049412281685,0.287,0.222,0.00253071665207595,"COL17A1","Not Significant"
1.04309051230238e-07,-0.332624108669491,0.288,0.351,0.00255254679265514,"CRELD2","Not Significant"
1.05474660301496e-07,-0.300007568237668,0.462,0.536,0.0025810704122379,"LIMA1","Not Significant"
1.09552637993088e-07,0.257582435500569,0.413,0.341,0.00268086260432886,"LLGL2","Not Significant"
1.10454790535766e-07,-0.332891677548486,0.345,0.407,0.00270293917920074,"LGMN","Not Significant"
1.11445455014748e-07,-0.576970119927538,0.113,0.162,0.00272718172966589,"CRELD1","Up in Core"
1.11588342475898e-07,-0.740363327235062,0.094,0.139,0.00273067832872769,"MSANTD3","Up in Core"
1.15718765195052e-07,-0.528670409808926,0.071,0.113,0.00283175390308813,"ARL4D","Up in Core"
1.16834703336905e-07,-0.297313492766328,0.299,0.367,0.00285906202535741,"PEF1","Not Significant"
1.17403444162456e-07,-0.862795297203613,0.111,0.157,0.00287297968209946,"TFF2","Up in Core"
1.1913291163575e-07,0.272346507073405,0.292,0.225,0.00291530148063843,"ATP8B1","Not Significant"
1.19647514033672e-07,-0.278882652672944,0.309,0.378,0.00292789431591798,"CREB3L1","Not Significant"
1.20828040673762e-07,-0.381061443729674,0.23,0.29,0.00295678298332762,"TPGS2","Not Significant"
1.25997645819551e-07,0.412355085440804,0.216,0.158,0.00308328839085023,"PCK2","Not Significant"
1.27182604130138e-07,-0.352710020265109,0.142,0.196,0.0031122855056686,"CYB5R1","Not Significant"
1.3035302535934e-07,0.625253427357624,0.141,0.095,0.00318986888356842,"MOGAT3","Up in Border"
1.3225931062181e-07,-0.301438837734773,0.117,0.172,0.00323651759022632,"PLEKHO1","Not Significant"
1.33902874302903e-07,-0.305468529449312,0.428,0.494,0.00327673723706633,"CAMLG","Not Significant"
1.35496535369946e-07,-0.300536542772516,0.387,0.448,0.00331573571703794,"EIF4EBP1","Not Significant"
1.35908304753827e-07,-0.59700178612584,0.087,0.13,0.00332581212563091,"GSTA4","Up in Core"
1.37583693720885e-07,-0.257416238975131,0.409,0.473,0.00336681056904377,"ITM2C","Not Significant"
1.40400508744051e-07,-0.597315205909852,0.076,0.118,0.00343574084947566,"KLC2","Up in Core"
1.42943985816633e-07,0.730985242097066,0.137,0.092,0.00349798227691882,"BLK","Up in Border"
1.45693439273638e-07,-0.305733241281323,0.316,0.38,0.00356526415246519,"DCTD","Not Significant"
1.51450233397831e-07,0.560066597438847,0.245,0.19,0.00370613866147832,"ACAP1","Up in Border"
1.51769246888228e-07,-0.624563541207433,0.072,0.114,0.00371394524060183,"ISYNA1","Up in Core"
1.53185346951283e-07,-0.339866790953769,0.231,0.294,0.00374859862524483,"HOOK3","Not Significant"
1.5392854383438e-07,0.400063750113246,0.21,0.154,0.00376678539617112,"ARHGEF35","Not Significant"
1.55231889104564e-07,-0.488032694371094,0.201,0.258,0.00379867955827779,"PLK3","Not Significant"
1.59723905289832e-07,0.348058377231009,0.506,0.458,0.00390860368634747,"ELF1","Not Significant"
1.62778471444169e-07,-0.34952741181221,0.338,0.4,0.00398335197471026,"DNAJC1","Not Significant"
1.63127936798618e-07,0.449032637433387,0.29,0.231,0.00399190374139898,"LDLR","Not Significant"
1.64122089386848e-07,-0.406449107496017,0.149,0.202,0.00401623164938557,"SMPD1","Not Significant"
1.6585647208106e-07,0.452377884567773,0.47,0.409,0.00405867372829561,"MTRNR2L12","Not Significant"
1.66123792233254e-07,-0.321355105495255,0.173,0.23,0.00406521531973997,"PROCR","Not Significant"
1.68689356605102e-07,-0.704029562785657,0.249,0.309,0.00412799724548345,"GJB2","Up in Core"
1.71086417653462e-07,-0.428371704250861,0.244,0.301,0.00418665572639786,"ACTR1A","Not Significant"
1.78185281207741e-07,-0.255781077259948,0.553,0.608,0.00436037201643462,"VIMP","Not Significant"
1.80092644423946e-07,0.65209564267412,0.229,0.177,0.00440704710169839,"GPCPD1","Up in Border"
1.81242247419791e-07,0.276107027156623,0.566,0.507,0.00443517903660971,"PSMB9","Not Significant"
1.814708761366e-07,-0.591995410823166,0.086,0.129,0.00444077380993874,"GPR137B","Up in Core"
1.82454048629218e-07,-0.444634739067666,0.22,0.277,0.0044648330240056,"PHACTR2","Not Significant"
1.83258709558231e-07,0.33434187754322,0.49,0.424,0.00448452388159948,"MUC13","Not Significant"
1.83719129497839e-07,-0.411977674182689,0.252,0.31,0.00449579081794161,"TRIP10","Not Significant"
1.83754505992605e-07,-0.262662857393161,0.335,0.401,0.00449665651614503,"C11orf73","Not Significant"
1.85521696026683e-07,-0.303488288804453,0.344,0.407,0.00453990142346897,"CCS","Not Significant"
1.87251321812592e-07,0.371138560470573,0.567,0.532,0.00458222709607594,"S100P","Not Significant"
1.93236660265177e-07,0.523989827310655,0.313,0.255,0.00472869431334915,"PSMB10","Up in Border"
1.9941882614092e-07,-0.302893474942941,0.304,0.367,0.00487997809449446,"STK25","Not Significant"
2.05498394317935e-07,0.622648923228025,0.197,0.144,0.00502875120735419,"HSH2D","Up in Border"
2.06404219727176e-07,0.873484578908887,0.113,0.073,0.00505091766094371,"ICAM2","Up in Border"
2.06544860599707e-07,0.617129306495822,0.22,0.169,0.00505435928373543,"BANK1","Up in Border"
2.10718308811537e-07,-0.381227651675001,0.098,0.144,0.00515648773492712,"LINC00667","Not Significant"
2.181277032509e-07,0.318942459998782,0.62,0.589,0.00533780302625277,"FXYD3","Not Significant"
2.1877398898265e-07,0.455084011726264,0.16,0.111,0.00535361828439442,"NOSTRIN","Not Significant"
2.2385419915979e-07,-0.439901358630969,0.178,0.233,0.00547793610763923,"RNF146","Not Significant"
2.33437653662585e-07,-0.300820292354918,0.287,0.346,0.00571245282277712,"TIMMDC1","Not Significant"
2.38573473965632e-07,-0.652410406550648,0.085,0.127,0.00583813148141298,"HRH1","Up in Core"
2.38760654983279e-07,-0.270080627089188,0.382,0.446,0.00584271198809582,"RAB18","Not Significant"
2.4135274349839e-07,-0.382561983756632,0.459,0.519,0.00590614298614911,"SLC16A3","Not Significant"
2.45168850783386e-07,-0.428383375542084,0.22,0.276,0.00599952694752023,"COMMD5","Not Significant"
2.4555919651561e-07,-0.651610394127015,0.063,0.101,0.00600907909793348,"PER1","Up in Core"
2.49492807876118e-07,-0.427269661405303,0.317,0.372,0.00610533850153648,"FKBP11","Not Significant"
2.55797652273506e-07,-0.349833284694735,0.223,0.28,0.00625962434878497,"TXNDC15","Not Significant"
2.64655742118659e-07,0.687041844435848,0.126,0.082,0.0064763906653857,"TRIM7","Up in Border"
2.67822162164585e-07,-0.349767257877309,0.314,0.372,0.00655387613032956,"TPD52L2","Not Significant"
2.70172985355235e-07,-0.645157575569379,0.062,0.1,0.00661140312462797,"NUMBL","Up in Core"
2.84496445365851e-07,-0.505018452449437,0.081,0.124,0.00696191251454775,"WWC2","Up in Core"
2.88870986405957e-07,-0.354282094453711,0.217,0.277,0.00706896190834018,"UACA","Not Significant"
2.9087403813873e-07,0.457016360258223,0.224,0.169,0.00711797858729286,"MYO5B","Not Significant"
2.91952685289229e-07,0.376828346105955,0.237,0.179,0.00714437416171271,"ERN2","Not Significant"
2.93816456052997e-07,0.334017368478753,0.531,0.499,0.00718998249607289,"NENF","Not Significant"
2.99600890617985e-07,-0.5407364526162,0.076,0.117,0.00733153339431271,"KCTD17","Up in Core"
3.08999271221171e-07,-0.507690915824773,0.077,0.118,0.00756152116605327,"ZBTB17","Up in Core"
3.12874965448301e-07,-0.614448172394628,0.082,0.124,0.00765636327948536,"DIP2C","Up in Core"
3.16935141544089e-07,0.333900087634158,0.276,0.216,0.0077557198487254,"F12","Not Significant"
3.24474274980723e-07,-0.502441181645835,0.07,0.11,0.00794020998305328,"STX2","Up in Core"
3.27332471765035e-07,-0.366149933264014,0.164,0.216,0.00801015291656217,"SLC38A5","Not Significant"
3.28153245527333e-07,0.64820683064379,0.116,0.075,0.00803023807129938,"MYB","Up in Border"
3.29697385349617e-07,0.61470961104497,0.176,0.126,0.00806802471689047,"NPAS2","Up in Border"
3.35267214516605e-07,-0.319923580882598,0.203,0.259,0.00820432400643584,"C6orf89","Not Significant"
3.39878000389777e-07,0.379134694148165,0.207,0.152,0.00831715454753824,"MFHAS1","Not Significant"
3.40886651759039e-07,0.531928246083902,0.153,0.105,0.00834183725519544,"TBXAS1","Up in Border"
3.45380304517645e-07,0.296739670425513,0.288,0.226,0.0084518014318513,"SH2D3A","Not Significant"
3.50998048130359e-07,-0.304757902083541,0.169,0.224,0.00858927323579803,"MICAL2","Not Significant"
3.57276876984176e-07,-0.414559356102217,0.15,0.202,0.00874292245667978,"ECI2","Not Significant"
3.57631099513242e-07,-0.295555695401221,0.466,0.527,0.00875159063618854,"UGP2","Not Significant"
3.63859862168827e-07,0.596103960126252,0.182,0.131,0.00890401468713336,"ACSS1","Up in Border"
3.64711086528385e-07,-0.271522753395034,0.244,0.305,0.0089248449984361,"SCYL1","Not Significant"
3.70568554401142e-07,0.426533945686392,0.239,0.183,0.00906818309475035,"PLEK2","Not Significant"
3.75049356267906e-07,0.617396295386943,0.216,0.167,0.00917783279723194,"UCP2","Up in Border"
4.10056041234029e-07,-0.363854173650483,0.204,0.262,0.0100344813850379,"LAPTM4B","Not Significant"
4.14761995607297e-07,0.424175126890411,0.327,0.269,0.0101496407945062,"TJP3","Not Significant"
4.19980841413972e-07,-0.396568878060292,0.218,0.274,0.0102773511702413,"UTP11L","Not Significant"
4.26279948736475e-07,-0.612636472358013,0.082,0.122,0.0104314966255303,"NAT14","Up in Core"
4.28847484148382e-07,-0.326643713200969,0.234,0.292,0.0104943267845951,"ERI3","Not Significant"
4.42041040862459e-07,0.547532422475844,0.197,0.144,0.0108171863109452,"HIP1R","Up in Border"
4.48256803271456e-07,-0.339171252047171,0.163,0.219,0.0109692922328558,"ANO1","Not Significant"
4.56146978392978e-07,-0.284450731902972,0.094,0.14,0.0111623727082546,"ZEB1","Not Significant"
4.58363029142601e-07,0.256394404883466,0.43,0.362,0.0112166016861486,"ACSL5","Not Significant"
4.73030476569905e-07,-0.500746074520452,0.134,0.183,0.0115755287921421,"PNMA1","Up in Core"
4.74793540150426e-07,0.324973564004156,0.282,0.223,0.0116186727210211,"CAPN8","Not Significant"
4.75464360537233e-07,0.38394911035327,0.363,0.299,0.0116350883667066,"BIK","Not Significant"
4.89180734088036e-07,-0.408240994760412,0.161,0.213,0.0119707417438683,"C4orf27","Not Significant"
4.9061056295235e-07,0.688051667579137,0.15,0.105,0.012005731086007,"LCP1","Up in Border"
4.94411057399737e-07,0.703920087376777,0.157,0.111,0.012098732985629,"TMEM246","Up in Border"
5.11279975381312e-07,-0.382478575132536,0.137,0.186,0.0125115322775561,"AP006222.2","Not Significant"
5.16812648281035e-07,-0.526101630025077,0.174,0.227,0.0126469223160852,"EVI5","Up in Core"
5.20588680577758e-07,-0.284630001321698,0.37,0.431,0.0127393256024183,"KXD1","Not Significant"
5.24337626612664e-07,0.422946298056687,0.316,0.261,0.0128310660608385,"CD320","Not Significant"
5.33286406146222e-07,0.369526377404999,0.315,0.252,0.0130500516448042,"EPS8L3","Not Significant"
5.42821768202625e-07,-0.404998471219314,0.16,0.212,0.0132833914896864,"HYAL2","Not Significant"
5.56052923171492e-07,-0.544843258739557,0.144,0.194,0.0136071710829296,"C1orf198","Up in Core"
5.59603520788135e-07,-0.265601167391737,0.395,0.451,0.0136940577572064,"PIGT","Not Significant"
5.64865516135419e-07,0.468923143242916,0.327,0.268,0.0138228240453498,"TTC19","Not Significant"
5.85341636335604e-07,-0.307033846061485,0.419,0.478,0.0143238951827686,"SCARB2","Not Significant"
5.91021866606895e-07,0.505565952342661,0.139,0.095,0.0144628960977373,"HBEGF","Up in Border"
5.91629875777423e-07,0.591120228720492,0.209,0.158,0.0144777746901493,"CLMN","Up in Border"
5.98797449852441e-07,-0.540426044348549,0.243,0.299,0.0146531723953391,"ERRFI1","Up in Core"
6.10010561027226e-07,-0.454339362218499,0.114,0.16,0.0149275684388972,"MICA","Not Significant"
6.14544780453914e-07,-0.305972988309551,0.263,0.323,0.0150385253224877,"KLC1","Not Significant"
6.41622169708868e-07,0.329653109572012,0.374,0.314,0.0157011361149457,"BTG2","Not Significant"
6.59445798341994e-07,-0.275772519311157,0.355,0.412,0.0161372981312269,"UBXN6","Not Significant"
6.64916874400869e-07,-0.27380305196877,0.426,0.489,0.0162711808334637,"FIBP","Not Significant"
6.69481968447463e-07,0.555680161729479,0.158,0.112,0.0163828932498779,"RP11-796E2.4","Up in Border"
7.00853798905642e-07,0.656155615603882,0.118,0.077,0.01715059331302,"RP5-887A10.1","Up in Border"
7.06411647368913e-07,0.428484498440074,0.104,0.066,0.0172865994227647,"JHDM1D-AS1","Not Significant"
7.13208679758131e-07,0.437248244143914,0.534,0.518,0.0174529296023612,"ETHE1","Not Significant"
7.19114713421223e-07,-0.380762912113249,0.2,0.253,0.0175974561521308,"DTWD1","Not Significant"
7.22963998136506e-07,0.753606357814174,0.111,0.072,0.0176916519983984,"LYL1","Up in Border"
7.2457806366166e-07,-0.374055087745157,0.327,0.379,0.0177311497958645,"RRAS","Not Significant"
7.30634478930247e-07,-0.609569279928818,0.098,0.142,0.0178793563339021,"BPGM","Up in Core"
7.39386358994464e-07,0.349373019988804,0.209,0.155,0.0180935235909535,"NEK3","Not Significant"
7.73986459912378e-07,-0.382420866072767,0.129,0.176,0.0189402226605158,"C7orf49","Not Significant"
7.98033252965831e-07,-0.265131220990658,0.497,0.557,0.0195286717333268,"HM13","Not Significant"
8.10362223443597e-07,0.830625314251079,0.114,0.075,0.0198303739698883,"TRAF3IP3","Up in Border"
8.20186856766308e-07,0.453347608877285,0.331,0.273,0.0200707925719283,"CDC42SE2","Not Significant"
8.23489404568885e-07,-0.505251581272582,0.114,0.16,0.0201516092192052,"DNAJB4","Up in Core"
8.42696274404584e-07,-0.259832648223272,0.257,0.327,0.0206216205309546,"TFPI","Not Significant"
8.54116639346565e-07,-0.262767421877372,0.373,0.436,0.0209010882814498,"NRBP1","Not Significant"
8.54143200483275e-07,-0.76123480959376,0.085,0.125,0.0209017382590262,"PLEKHA4","Up in Core"
8.59560217977244e-07,-0.810050320623733,0.067,0.103,0.0210342980941211,"IFT46","Up in Core"
8.75043902154143e-07,-0.424380861310784,0.206,0.257,0.021413199329614,"CCSER2","Not Significant"
8.86208865981382e-07,0.327362479103535,0.248,0.191,0.0216864171594304,"RAB20","Not Significant"
9.01334075343697e-07,-0.339328283969653,0.343,0.398,0.0220565461577356,"FUNDC2","Not Significant"
9.02224798083314e-07,-0.454781065423616,0.158,0.208,0.0220783430338968,"ACP2","Not Significant"
9.05745801166084e-07,-0.412067364854795,0.307,0.36,0.0221645055003352,"FAM200B","Not Significant"
9.06624452807366e-07,0.489625742799471,0.391,0.336,0.0221860069846491,"GABPB1-AS1","Not Significant"
9.18977813510804e-07,0.717275011628144,0.109,0.07,0.0224883060744229,"EDN1","Up in Border"
9.79887757615045e-07,0.303173271743851,0.409,0.346,0.0239788333165978,"CYP3A5","Not Significant"
9.84360010054118e-07,-0.44246351821673,0.123,0.169,0.0240882738060343,"ST6GALNAC6","Not Significant"
9.93714852931927e-07,-0.456304749395033,0.101,0.145,0.0243171961660972,"DCUN1D4","Not Significant"
1.04339379238952e-06,0.287802290208554,0.331,0.267,0.0255328894935639,"ABLIM1","Not Significant"
1.05557214910315e-06,0.73573242992888,0.14,0.098,0.0258309060607033,"ABCA7","Up in Border"
1.05962619463687e-06,0.310683498733264,0.428,0.368,0.0259301126089589,"TUBA4A","Not Significant"
1.08733284834773e-06,-0.655210560157477,0.15,0.196,0.0266081221319172,"PLK2","Up in Core"
1.09013305510279e-06,0.261068614992812,0.423,0.357,0.0266766459914203,"ST14","Not Significant"
1.10966811986187e-06,0.496584255469691,0.2,0.149,0.0271546885611398,"IRF6","Not Significant"
1.1150187469946e-06,-0.25818790379135,0.258,0.321,0.0272856237577049,"PITHD1","Not Significant"
1.12160419925691e-06,-0.333305823621567,0.207,0.263,0.0274467763600159,"MAP7D1","Not Significant"
1.12731345064528e-06,0.597256736462964,0.234,0.183,0.0275864874507407,"LAMA3","Up in Border"
1.13278689755481e-06,0.586658340666956,0.201,0.152,0.0277204281700636,"CKMT1B","Up in Border"
1.13930668836908e-06,0.269182912557524,0.584,0.558,0.0278799739710798,"GTF3A","Not Significant"
1.1415530790793e-06,-0.561699146752143,0.065,0.101,0.0279349453981495,"RP11-195F19.5","Up in Core"
1.14194812609054e-06,-0.471624371177163,0.082,0.122,0.0279446125935617,"PRTFDC1","Not Significant"
1.16696585400438e-06,-0.367992954863717,0.152,0.202,0.0285568214133413,"HDAC5","Not Significant"
1.18859924104122e-06,-0.672328364451865,0.069,0.105,0.0290862120275197,"B4GAT1","Up in Core"
1.1967910710491e-06,0.276817165046838,0.489,0.433,0.0292866742996426,"SLPI","Not Significant"
1.21968712852578e-06,0.625790777369218,0.141,0.099,0.0298469637221544,"TNFRSF13C","Up in Border"
1.21990184418891e-06,-0.332409689468818,0.19,0.244,0.0298522180291469,"FBXL5","Not Significant"
1.23477098368818e-06,-0.338642662258777,0.161,0.21,0.0302160807418335,"ANKRD28","Not Significant"
1.23574665681237e-06,-0.262340144312588,0.149,0.2,0.0302399564388555,"TBC1D20","Not Significant"
1.25006292947279e-06,-0.611017062384722,0.093,0.134,0.0305902899471286,"NME6","Up in Core"
1.30776434437774e-06,-0.469464908840886,0.095,0.136,0.0320023012712677,"GBE1","Not Significant"
1.31310030212374e-06,0.369862869518585,0.284,0.224,0.0321328774932701,"TMC6","Not Significant"
1.31444988782909e-06,0.255630568549981,0.618,0.579,0.0321659032050655,"PSMB8","Not Significant"
1.32494274268252e-06,0.62017622848955,0.213,0.163,0.0324226738561839,"SP110","Up in Border"
1.33002335328418e-06,0.646352913170455,0.24,0.193,0.0325470014782173,"LSP1","Up in Border"
1.35948743988087e-06,-0.536472934799544,0.079,0.118,0.0332680171413248,"ARL13B","Up in Core"
1.37866778643153e-06,0.50543849538238,0.18,0.132,0.033737379401766,"IL17RE","Up in Border"
1.37913364306334e-06,0.471036981685729,0.222,0.169,0.033748779379403,"IL2RG","Not Significant"
1.41265392604643e-06,0.398496880298515,0.268,0.212,0.0345690542242821,"LPGAT1","Not Significant"
1.45586396868848e-06,0.382729347824851,0.231,0.178,0.0356264471777758,"MLXIPL","Not Significant"
1.47312724438252e-06,-0.27650779721199,0.394,0.455,0.0360488967972846,"VPS25","Not Significant"
1.48420940755992e-06,-0.51717464288477,0.079,0.118,0.0363200884123989,"BICD1","Up in Core"
1.52820820688298e-06,-0.335109337515599,0.285,0.338,0.0373967830306335,"FEZ2","Not Significant"
1.54332123537114e-06,-0.401559397372754,0.106,0.149,0.0377666139507671,"KIF1BP","Not Significant"
1.60449944404475e-06,-0.436134824935993,0.251,0.303,0.0392637058952191,"SEC24D","Not Significant"
1.63477176447483e-06,-0.38333151590961,0.171,0.223,0.0400044998484636,"NOTCH2","Not Significant"
1.65215302451706e-06,-0.321136698955593,0.204,0.258,0.0404298366629569,"TRIO","Not Significant"
1.66134370871207e-06,-0.302829321510355,0.259,0.315,0.040654741895893,"SKIL","Not Significant"
1.6707797851991e-06,0.563354147305381,0.184,0.136,0.0408856521236071,"TRIB3","Up in Border"
1.73953847016728e-06,0.402533059885862,0.38,0.323,0.0425682459034634,"TMEM45B","Not Significant"
1.80714186762155e-06,-0.422057888398732,0.132,0.179,0.0442225686425668,"TGM2","Not Significant"
1.80848356458465e-06,-0.357775238248385,0.223,0.275,0.0442554013089511,"ANTXR2","Not Significant"
1.81902419309599e-06,0.372490575635773,0.37,0.314,0.0445133410292519,"PLS1","Not Significant"
1.84009148071075e-06,-0.649181750921037,0.123,0.165,0.0450288786244728,"SEMA5A","Up in Core"
1.854824631033e-06,-0.271145039216708,0.364,0.423,0.0453894135460086,"DDAH2","Not Significant"
1.86097923364884e-06,-0.363736987004439,0.085,0.126,0.0455400228266208,"ENTPD1","Not Significant"
1.89232490606861e-06,-0.251486944159041,0.491,0.54,0.0463070827764049,"BZW1","Not Significant"
1.98666045072135e-06,0.34702300005191,0.579,0.554,0.0486155678896021,"TSPAN3","Not Significant"
1.99600830205549e-06,-0.433417536405484,0.182,0.232,0.0488443191595998,"PCYOX1","Not Significant"
2.06327175259182e-06,-0.278777150435035,0.091,0.134,0.0504903230576744,"LIX1L","Not Significant"
2.06845080144656e-06,0.445785484346382,0.18,0.132,0.0506170595621988,"HSD11B2","Not Significant"
2.11729578001698e-06,-0.335254772031292,0.281,0.338,0.0518123450327956,"LUZP1","Not Significant"
2.12877551602005e-06,-0.374198580655546,0.206,0.257,0.0520932656525265,"TXNDC9","Not Significant"
2.22129595742767e-06,-0.702376692496503,0.088,0.127,0.0543573333742126,"TBC1D16","Not Significant"
2.24145393663015e-06,-0.383960188979176,0.214,0.265,0.0548506192832763,"TM2D2","Not Significant"
2.24215669840627e-06,0.464378290848147,0.167,0.12,0.0548678165666998,"LNX2","Not Significant"
2.24341385169207e-06,0.497462438007313,0.166,0.12,0.0548985803647567,"LRRC16A","Not Significant"
2.28086463016655e-06,0.843620578794003,0.103,0.067,0.0558150383648057,"APOBEC1","Not Significant"
2.32251878090991e-06,-0.335277264800561,0.156,0.208,0.0568343570876463,"UNC5B-AS1","Not Significant"
2.32291474464337e-06,0.70520942581439,0.149,0.106,0.0568440467161678,"PLEKHG6","Not Significant"
2.36827908327311e-06,0.729853520952739,0.129,0.09,0.0579541574467764,"CD22","Not Significant"
2.51559173020928e-06,0.362410996984111,0.361,0.305,0.0615590452299512,"ANXA3","Not Significant"
2.54110489774838e-06,0.38253010774536,0.157,0.113,0.0621833779528005,"ANKS4B","Not Significant"
2.54144408766209e-06,-0.340760423659586,0.235,0.288,0.062191678269179,"EFR3A","Not Significant"
2.54738962053726e-06,-0.367625034170262,0.231,0.284,0.0623371714041672,"SORBS3","Not Significant"
2.63627059171065e-06,-0.44221088027284,0.109,0.151,0.0645121776497512,"ARHGEF40","Not Significant"
2.650086130288e-06,0.512572436504184,0.186,0.139,0.0648502576942776,"ALOX5","Not Significant"
2.73468183189154e-06,-0.59020505873255,0.069,0.105,0.0669203991082179,"KCNS3","Not Significant"
2.77970436340046e-06,-0.297409806200793,0.211,0.264,0.0680221454767726,"ABI2","Not Significant"
2.82068660990732e-06,-0.326433182587731,0.247,0.299,0.069025022031042,"TMEM43","Not Significant"
2.82634215642061e-06,0.62719264455962,0.14,0.099,0.0691634189097688,"ADGRG6","Not Significant"
2.85077230571937e-06,0.50320867403112,0.143,0.101,0.0697612490932586,"ATP8A1","Not Significant"
2.86109158708079e-06,0.285006964285482,0.653,0.642,0.0700137722274541,"PHGR1","Not Significant"
2.88797108339571e-06,-0.335695069710553,0.202,0.255,0.0706715403817764,"WDR54","Not Significant"
2.91255551155987e-06,0.597823228317618,0.139,0.098,0.0712731459233817,"STARD4","Not Significant"
2.92137608606151e-06,0.468827637069891,0.115,0.076,0.0714889942020113,"SH3RF2","Not Significant"
2.97796028497884e-06,-0.444836404584676,0.145,0.19,0.0728736661337171,"PLBD1","Not Significant"
2.97927514401063e-06,-0.298396036563797,0.36,0.417,0.0729058420490842,"UBE2E3","Not Significant"
3.01137201657623e-06,-0.250120362186198,0.194,0.249,0.073691284617637,"ICMT","Not Significant"
3.02475983358171e-06,-0.262060640796749,0.263,0.317,0.0740188978875781,"MPRIP","Not Significant"
3.02727659966167e-06,0.325845095955999,0.469,0.396,0.0740804856703208,"PDZK1IP1","Not Significant"
3.05558425489018e-06,-0.316987142796447,0.29,0.345,0.0747732023014177,"ZFYVE21","Not Significant"
3.11123655011174e-06,0.668573368317572,0.108,0.071,0.0761350696177843,"FABP2","Not Significant"
3.1738830603631e-06,-0.397102459473966,0.286,0.339,0.0776680923701454,"SPNS1","Not Significant"
3.19636751250042e-06,-0.601935521689912,0.157,0.203,0.0782183093983979,"TMEM99","Not Significant"
3.32709047953888e-06,0.280545983223326,0.273,0.215,0.081417231124796,"CCL15","Not Significant"
3.36257436314479e-06,0.658341843105555,0.146,0.104,0.082285557240516,"CYFIP2","Not Significant"
3.39382780554634e-06,-0.45060305653989,0.075,0.113,0.0830503602295246,"DUSP27","Not Significant"
3.44218423360086e-06,-0.304920709418695,0.392,0.443,0.0842336903804467,"LAMP2","Not Significant"
3.46617457459599e-06,0.616004023570823,0.145,0.103,0.0848207580149385,"MARCH3","Not Significant"
3.5066001436103e-06,-0.285468002400526,0.297,0.354,0.0858100121142878,"TADA3","Not Significant"
3.56076580201231e-06,-0.781568952796449,0.065,0.1,0.0871354999410432,"FZD7","Not Significant"
3.62815461183398e-06,0.281871776975414,0.318,0.256,0.0887845715061893,"TMC4","Not Significant"
3.66426059063118e-06,-0.265695774102905,0.288,0.349,0.0896681209133356,"PPIE","Not Significant"
3.72056735736709e-06,0.250651444847151,0.427,0.362,0.09104600380213,"PKP3","Not Significant"
3.80569498186598e-06,0.480951082518243,0.126,0.086,0.0931291619012424,"FAR2","Not Significant"
3.88420465878626e-06,-0.436315071251206,0.131,0.175,0.0950503722051586,"RAB28","Not Significant"
3.95295331461395e-06,0.41499607969723,0.271,0.219,0.0967327205619181,"DUS1L","Not Significant"
4.08145940731918e-06,-0.491157609241633,0.128,0.172,0.0998773931565077,"TMX3","Not Significant"
4.11489018322245e-06,0.597267511377634,0.248,0.202,0.100695477673637,"GPSM3","Not Significant"
4.15728766955918e-06,0.609842963833586,0.15,0.109,0.101732986561783,"SELL","Not Significant"
4.16814794137063e-06,0.61002353305801,0.344,0.303,0.101998748273281,"MX1","Not Significant"
4.18420311590998e-06,0.385172315688836,0.139,0.097,0.102391634449433,"RP11-44F21.5","Not Significant"
4.19501408286221e-06,-0.457125605003121,0.189,0.236,0.102656189621721,"ACOT9","Not Significant"
4.2075534657582e-06,0.463401902082062,0.26,0.208,0.102963040860569,"SDR16C5","Not Significant"
4.26263557776281e-06,0.617664225118495,0.151,0.11,0.104310955223434,"LFNG","Not Significant"
4.28841191143367e-06,0.388535422512833,0.203,0.154,0.104941727884693,"F2RL1","Not Significant"
4.34494396656932e-06,-0.276910210193647,0.142,0.189,0.106325123805918,"FTSJ1","Not Significant"
4.39347265038468e-06,0.290081812037656,0.586,0.582,0.107512669227564,"EIF5A","Not Significant"
4.39771130004677e-06,-0.519924067877781,0.139,0.183,0.107616393223444,"PIM1","Not Significant"
4.41309868943638e-06,-0.304624305864768,0.29,0.345,0.107992938029198,"AC013461.1","Not Significant"
4.53013201932501e-06,0.356101084333713,0.375,0.322,0.110856860644902,"TST","Not Significant"
4.71917202410534e-06,0.376639152460067,0.181,0.134,0.115482858601882,"U47924.27","Not Significant"
4.74779657049367e-06,-0.413414109638409,0.222,0.275,0.116183329876551,"GBP2","Not Significant"
4.75413997199105e-06,0.328516973922152,0.388,0.336,0.116338559254593,"FAM60A","Not Significant"
4.87835870867472e-06,0.41208572839869,0.34,0.29,0.119378315959979,"ARMC10","Not Significant"
4.88854740609715e-06,-0.616594198883207,0.114,0.155,0.119627643574603,"CXCL14","Not Significant"
4.93747776509309e-06,-0.285973934444255,0.069,0.105,0.120825018389593,"SYNE1","Not Significant"
5.09188576085159e-06,-0.333133770212929,0.195,0.244,0.124603536453799,"SIRT2","Not Significant"
5.18268066968742e-06,0.297600038902623,0.259,0.203,0.126825378667921,"FUT2","Not Significant"
5.21381023742876e-06,0.266844844940952,0.753,0.784,0.127587150320119,"POMP","Not Significant"
5.39406800769085e-06,-0.41370814875651,0.145,0.189,0.131998238216203,"CREM","Not Significant"
5.4415334504848e-06,-0.510642092597953,0.135,0.179,0.133159765066814,"SUMF1","Not Significant"
5.53852825090441e-06,0.731432854361427,0.184,0.143,0.135533324827882,"GMFG","Not Significant"
5.61318985244232e-06,-0.261411235832442,0.37,0.425,0.137360368879116,"FLOT1","Not Significant"
5.65616007710559e-06,0.358934273364502,0.124,0.085,0.138411893246851,"B3GNT8","Not Significant"
5.69317618682124e-06,0.274725576755372,0.564,0.506,0.139317714467703,"RNASET2","Not Significant"
5.70079711144781e-06,-0.433260705089387,0.134,0.178,0.139504206114239,"RABEPK","Not Significant"
5.7056848494502e-06,0.441676536031208,0.123,0.085,0.139623813950896,"TPGS1","Not Significant"
5.81842123426845e-06,-0.356078844732226,0.252,0.306,0.142382586023783,"WLS","Not Significant"
5.89085636325813e-06,0.296121101353939,0.376,0.317,0.14415514606529,"PPP1R16A","Not Significant"
5.91904889719803e-06,0.444480372213318,0.176,0.13,0.144845045563333,"NEDD4L","Not Significant"
5.97001512873276e-06,0.467144234473161,0.151,0.109,0.146092240215219,"ZBTB18","Not Significant"
6.1689570799015e-06,-0.930088365264891,0.101,0.14,0.15096054870227,"RGS16","Not Significant"
6.18365386609361e-06,-0.278107505691366,0.414,0.469,0.151320193757177,"ADH5","Not Significant"
6.26734249466952e-06,-0.620400277282638,0.124,0.166,0.153368138187058,"CDKN2B","Not Significant"
6.43789684520511e-06,-0.253203146983508,0.397,0.456,0.157541773699014,"RPL26L1","Not Significant"
6.79064186816746e-06,-0.485982427957586,0.069,0.104,0.166173797155926,"RPL39L","Not Significant"
6.83670281160196e-06,-0.318904564396011,0.149,0.194,0.167300954502711,"CDC42EP3","Not Significant"
6.97894729461038e-06,-0.359463148719011,0.194,0.24,0.170781819246411,"KLHDC3","Not Significant"
7.14954322408004e-06,0.457614817807936,0.12,0.082,0.174956472236463,"RP11-285F7.2","Not Significant"
7.1742608260617e-06,-0.280790833174819,0.163,0.211,0.175561336674556,"RILPL2","Not Significant"
7.37265850869212e-06,-0.64890658134738,0.092,0.129,0.180416326366205,"METTL1","Not Significant"
7.46361759276759e-06,-0.700240572782443,0.219,0.262,0.182642186112616,"KIAA1217","Not Significant"
7.55497670391148e-06,-0.261384228803756,0.3,0.354,0.184877834921418,"BRMS1","Not Significant"
7.61688530453295e-06,-0.268633484055606,0.348,0.408,0.186392800287226,"MRPL17","Not Significant"
7.72253588203598e-06,-0.310649150643599,0.256,0.306,0.188978175569302,"CREB3","Not Significant"
7.79551508214003e-06,-0.536986322986041,0.164,0.208,0.190764049575049,"PPP1R13L","Not Significant"
7.88551281077471e-06,-0.288464605030517,0.371,0.421,0.192966383992468,"VTI1B","Not Significant"
7.92427325449504e-06,-0.338274902363716,0.216,0.267,0.193914890810748,"NFYB","Not Significant"
7.93628226143685e-06,0.438680821564148,0.201,0.154,0.194208763219621,"LY75","Not Significant"
7.97839419771213e-06,0.366144030825351,0.279,0.226,0.195239284412214,"TBRG4","Not Significant"
7.98345631695039e-06,0.365232864093654,0.161,0.118,0.195363159532093,"CDHR2","Not Significant"
8.0456344480939e-06,0.366723992785698,0.117,0.08,0.196884720579306,"NBEAL2","Not Significant"
8.10780504461415e-06,-0.262673958374069,0.214,0.264,0.198406097246753,"ZFPL1","Not Significant"
8.15126935511362e-06,-0.25759330706522,0.518,0.578,0.199469712388985,"FCGRT","Not Significant"
8.24480576744286e-06,0.288797588702709,0.427,0.374,0.201758641935094,"STARD10","Not Significant"
8.30412021002221e-06,-0.450916164874938,0.082,0.118,0.203210125659454,"ANKRD50","Not Significant"
8.31830204001701e-06,-0.537854418777822,0.082,0.118,0.203557169221256,"SLC4A11","Not Significant"
8.3188859653306e-06,0.596425263312755,0.155,0.115,0.203571458457605,"MUC12","Not Significant"
8.63947153546681e-06,0.479853004324451,0.254,0.206,0.211416507944408,"SESTD1","Not Significant"
8.72936509214374e-06,-0.568335500195693,0.068,0.102,0.213616293169849,"CDK14","Not Significant"
8.74655753153076e-06,-0.312550505562847,0.186,0.234,0.214037009354089,"PELO","Not Significant"
8.76251825631537e-06,-0.314653639208766,0.143,0.189,0.214427584250293,"RING1","Not Significant"
8.90651676207631e-06,-0.606620138110204,0.112,0.151,0.217951371684769,"POFUT2","Not Significant"
8.94713510758509e-06,-0.436067289821068,0.25,0.297,0.218945343217715,"SIL1","Not Significant"
9.13749877031527e-06,-0.507985700928083,0.112,0.152,0.223603732408385,"DOCK1","Not Significant"
9.27974048722815e-06,-0.316247272099853,0.348,0.398,0.22708452946296,"DYNLT3","Not Significant"
9.47799239512562e-06,-0.452002304677037,0.074,0.109,0.231935951901119,"FBXO6","Not Significant"
9.57689071727661e-06,-0.326057972844613,0.205,0.255,0.234356092742476,"STAT2","Not Significant"
9.6030674086191e-06,-0.340149989915462,0.189,0.236,0.234996662556318,"NQO2","Not Significant"
9.87118187415858e-06,0.38876408076326,0.256,0.207,0.241557691642535,"GLRX5","Not Significant"
9.93182866120791e-06,0.350526303599215,0.259,0.208,0.243041779168419,"VILL","Not Significant"
1.00491327643e-05,-0.267795875809749,0.229,0.281,0.245912327875184,"TMEM128","Not Significant"
1.04106938911e-05,-0.345365338427967,0.137,0.182,0.254760090209109,"ATG13","Not Significant"
1.05255178921219e-05,0.42665790871936,0.655,0.666,0.257569948338115,"TFF3","Not Significant"
1.05610077680914e-05,-0.474558595426077,0.087,0.123,0.258438421092965,"AHDC1","Not Significant"
1.05638325077977e-05,0.532423766525517,0.211,0.165,0.258507545298318,"BLOC1S4","Not Significant"
1.09619143258438e-05,0.450755293052955,0.184,0.138,0.268249005467724,"PLA2G10","Not Significant"
1.11919449185454e-05,0.60223883903544,0.208,0.162,0.273878084101724,"SEMA4B","Not Significant"
1.14082824995844e-05,-0.25841265423577,0.164,0.211,0.279172081047329,"ZMAT5","Not Significant"
1.1601333324823e-05,-0.449350079175036,0.233,0.279,0.283896227791744,"TMEM173","Not Significant"
1.17038800185395e-05,0.518777911909207,0.203,0.158,0.286405647933679,"DLG3","Not Significant"
1.18617798750032e-05,0.275873059076862,0.249,0.196,0.290269615321204,"MET","Not Significant"
1.19072885992058e-05,-0.483838547747026,0.073,0.107,0.291383259311165,"SLC27A1","Not Significant"
1.26427031642153e-05,0.422129005531741,0.191,0.147,0.309379589131512,"HMGCR","Not Significant"
1.27688729938923e-05,0.295390017908531,0.33,0.276,0.31246709103354,"PARP4","Not Significant"
1.29262754613759e-05,-0.352179715659185,0.206,0.255,0.31631888681533,"EIF4G3","Not Significant"
1.30658850292045e-05,-0.410586800828476,0.237,0.286,0.319735272549663,"MORN2","Not Significant"
1.32006369512527e-05,-0.306217104490255,0.152,0.197,0.323032786834106,"FBXO22","Not Significant"
1.32022291969138e-05,0.422349248550011,0.201,0.153,0.323071750677678,"TC2N","Not Significant"
1.32182993241596e-05,0.465378402335009,0.12,0.084,0.32346500276151,"MCF2L","Not Significant"
1.32311639257124e-05,0.353851824519023,0.202,0.156,0.323779812426108,"NOL4L","Not Significant"
1.33100222859782e-05,0.74347085388943,0.105,0.071,0.325709555360173,"NIPAL1","Not Significant"
1.36245282765045e-05,-0.529279710935768,0.149,0.191,0.333405831454341,"AKTIP","Not Significant"
1.38408628355463e-05,-0.459511727640487,0.098,0.136,0.338699754448653,"ALG12","Not Significant"
1.40554606135799e-05,-0.381754206755493,0.067,0.1,0.343951176674915,"PLA2G15","Not Significant"
1.45272795497184e-05,-0.2990939924554,0.132,0.175,0.35549705786116,"ZDHHC16","Not Significant"
1.45568721489805e-05,-0.283981022749874,0.154,0.198,0.356221218357701,"AGPAT1","Not Significant"
1.49542721163576e-05,-0.423171799783447,0.311,0.365,0.365945992959387,"EGR1","Not Significant"
1.5321387447754e-05,-0.55201980621439,0.11,0.147,0.374929672233989,"TULP3","Not Significant"
1.53665596696798e-05,0.580678695017806,0.213,0.169,0.376035081676735,"PLEKHF2","Not Significant"
1.53695566991776e-05,-0.302134553444867,0.112,0.153,0.376108421985575,"RBM4B","Not Significant"
1.56731248753494e-05,-0.45069522791029,0.131,0.173,0.383537038824675,"EXT1","Not Significant"
1.58846899078932e-05,-0.57389334465924,0.112,0.15,0.388714246736054,"SNUPN","Not Significant"
1.59187027981225e-05,-0.635772931806516,0.775,0.847,0.389546576172856,"SEC61G","Not Significant"
1.60195246101371e-05,0.328073745698372,0.338,0.289,0.392013786734666,"HDHD3","Not Significant"
1.6029734074373e-05,-0.591137655139085,0.087,0.122,0.392263622533982,"IFITM10","Not Significant"
1.60909715888871e-05,-0.509628278587977,0.136,0.178,0.393762165751657,"INPPL1","Not Significant"
1.60984969863947e-05,-0.385334839852851,0.189,0.234,0.393946319754066,"EEA1","Not Significant"
1.61837117296132e-05,-0.673629752089798,0.074,0.107,0.396031609735366,"TNFSF9","Not Significant"
1.62248745804794e-05,0.406793395798293,0.225,0.178,0.397038905858911,"KCNE3","Not Significant"
1.69228998455812e-05,0.45378424623277,0.172,0.13,0.414120282121217,"SPIRE2","Not Significant"
1.70319705582346e-05,0.304386495407362,0.469,0.406,0.416789351530559,"ITGB4","Not Significant"
1.71779056830032e-05,0.253901572857703,0.67,0.663,0.420360529968771,"RPL22L1","Not Significant"
1.72065340840207e-05,-0.273099021298263,0.085,0.121,0.42106109557007,"MDFIC","Not Significant"
1.7572590791704e-05,-0.517751653924264,0.078,0.112,0.430018869263787,"PROM2","Not Significant"
1.76225663700945e-05,0.537741979815195,0.22,0.175,0.431241821642582,"RALGPS2","Not Significant"
1.80162171301079e-05,0.29420351582795,0.58,0.559,0.440874849390871,"ARF6","Not Significant"
1.80979657462318e-05,0.310389360045323,0.34,0.29,0.442875319776039,"ZMYND8","Not Significant"
1.83504902344916e-05,0.539725803635145,0.253,0.208,0.449054846528244,"DPP4","Not Significant"
1.88169964759081e-05,0.325250084438337,0.294,0.242,0.460470720761946,"B3GNT3","Not Significant"
1.89990501278073e-05,-0.26254624742265,0.277,0.329,0.464925755677572,"FAM3A","Not Significant"
1.90121166010938e-05,-0.632889025213808,0.082,0.115,0.465245505345368,"TMEM150A","Not Significant"
1.91095078274744e-05,0.521913201531794,0.147,0.108,0.467628766046125,"DAPP1","Not Significant"
1.9206429078334e-05,-0.304518496397345,0.177,0.223,0.470000525975911,"GNL1","Not Significant"
1.95665572375166e-05,-0.383761478794513,0.106,0.144,0.478813222159269,"RNF26","Not Significant"
1.96857275396753e-05,-0.346154785466911,0.147,0.188,0.481729438623394,"DOHH","Not Significant"
1.98078904175666e-05,-0.282269010615969,0.107,0.146,0.484718886408273,"TMEM55A","Not Significant"
1.99349969805641e-05,-0.475664767003014,0.124,0.163,0.487829311111383,"ROGDI","Not Significant"
2.00439153827144e-05,-0.808194044885263,0.097,0.132,0.490494653330404,"CSTA","Not Significant"
2.00773356535637e-05,0.731841296863131,0.111,0.077,0.491312480778356,"GUCA2A","Not Significant"
2.00903565970518e-05,0.406031173042469,0.303,0.251,0.491631116286455,"GCHFR","Not Significant"
2.02101614333714e-05,-0.316998351029821,0.387,0.432,0.494562860436032,"PPP3CA","Not Significant"
2.05274277924152e-05,0.361896890154021,0.112,0.077,0.502326685508192,"PDSS1","Not Significant"
2.05450817124231e-05,-0.35537257288517,0.128,0.169,0.502758694584705,"RAB27A","Not Significant"
2.12225926827982e-05,-0.265049265160638,0.111,0.15,0.519338065540754,"KCTD11","Not Significant"
2.19618101008808e-05,0.436739479345234,0.14,0.102,0.537427454978655,"GALNT6","Not Significant"
2.20813319087201e-05,0.386546164551167,0.222,0.176,0.540352273138288,"PREP","Not Significant"
2.22031580001814e-05,-0.315460660837109,0.237,0.284,0.543333479422439,"UROD","Not Significant"
2.25253599083534e-05,0.28297627843057,0.336,0.281,0.551218082317317,"TSPAN15","Not Significant"
2.27686118395814e-05,-0.264721215048308,0.326,0.374,0.557170700326397,"ATG101","Not Significant"
2.27900371021226e-05,0.615648679545829,0.123,0.089,0.557694997926041,"FAM65B","Not Significant"
2.29821344431071e-05,-0.427262343825845,0.138,0.178,0.562395811957274,"LAMA5","Not Significant"
2.30536188392231e-05,-0.339441965414807,0.168,0.211,0.564145106614629,"TRIQK","Not Significant"
2.31385350828896e-05,-0.312231515318933,0.253,0.297,0.566223092013392,"RBPMS","Not Significant"
2.32196283548702e-05,-0.299832693919806,0.289,0.339,0.568207525472029,"RP11-14N7.2","Not Significant"
2.3554534305978e-05,0.414403540190708,0.479,0.457,0.576403009001587,"FDFT1","Not Significant"
2.36664477544324e-05,-0.396949470489235,0.158,0.202,0.579141642998716,"ZNF358","Not Significant"
2.36862851769833e-05,0.304437550481572,0.229,0.182,0.579627084565957,"HELZ2","Not Significant"
2.37122763239573e-05,0.641547918482347,0.102,0.07,0.58026311392356,"LAIR2","Not Significant"
2.43672543562304e-05,-0.414145819092704,0.137,0.178,0.596291081351313,"GPR137","Not Significant"
2.45422667093902e-05,-0.424360026982719,0.157,0.199,0.600573808645487,"BOLA1","Not Significant"
2.46625896207229e-05,-0.349404483593502,0.288,0.338,0.60351823060871,"CCNL2","Not Significant"
2.50587285668585e-05,0.609115231754386,0.126,0.09,0.613212146759594,"MAP2K6","Not Significant"
2.50651621556365e-05,0.288484766821481,0.588,0.547,0.61336958311058,"C19orf33","Not Significant"
2.59822205710907e-05,-0.449009084084231,0.168,0.21,0.635810919595162,"ZMAT3","Not Significant"
2.64726308738458e-05,0.464861240538355,0.116,0.081,0.64781175011388,"LIPG","Not Significant"
2.66138597803776e-05,-0.381323491341889,0.123,0.163,0.651267762685619,"CEP63","Not Significant"
2.70840012500368e-05,0.415584453891895,0.215,0.169,0.66277259458965,"GSDMB","Not Significant"
2.74626306796447e-05,0.302596200791357,0.19,0.145,0.672038035361585,"KCNQ1","Not Significant"
2.76450103970388e-05,-0.357283033904249,0.08,0.114,0.676501049425936,"EIF2B3","Not Significant"
2.7951301143839e-05,-0.287924359756368,0.413,0.456,0.683996290290884,"HEXB","Not Significant"
2.82524129637383e-05,0.701154446805316,0.205,0.165,0.69136479763564,"IFI44L","Not Significant"
2.8786856513892e-05,-0.371900353065343,0.081,0.114,0.704443165751451,"GNPDA2","Not Significant"
2.88007999049581e-05,-0.295712912986068,0.086,0.121,0.704784374474231,"NEIL2","Not Significant"
2.89316041581345e-05,0.475313128185446,0.201,0.158,0.707985285353709,"QRSL1","Not Significant"
2.92513766243378e-05,0.635399783498721,0.1,0.069,0.715810437374169,"SCIMP","Not Significant"
2.94509090516093e-05,0.308703883745239,0.284,0.235,0.720693195401931,"CYP2S1","Not Significant"
3.02129943630758e-05,0.295712873219303,0.186,0.141,0.739342185058827,"MYO1A","Not Significant"
3.08988986132535e-05,0.357827053321092,0.282,0.233,0.756126947964926,"DSC2","Not Significant"
3.12471337897894e-05,0.349912250049732,0.21,0.165,0.764648610969937,"MRRF","Not Significant"
3.12658335831835e-05,-0.281352777511632,0.228,0.277,0.765106213614083,"MED8","Not Significant"
3.12953137166148e-05,0.258737238103822,0.52,0.458,0.76582762195928,"TSPAN1","Not Significant"
3.20354939742883e-05,0.378127616713788,0.265,0.217,0.78394057304481,"LCOR","Not Significant"
3.21343159877418e-05,0.316605184467426,0.278,0.227,0.786358846536029,"AP1G2","Not Significant"
3.49436429206068e-05,-0.401105088694041,0.176,0.218,0.855105885910168,"EPHB3","Not Significant"
3.50800830998557e-05,-0.304444810347389,0.262,0.312,0.858444713536568,"EXOSC1","Not Significant"
3.55764268872269e-05,-0.4112142730116,0.347,0.393,0.870590742357329,"DST","Not Significant"
3.59069916155988e-05,0.326688534147018,0.234,0.186,0.878679991825319,"NEBL","Not Significant"
3.59602129582713e-05,-0.396710677863646,0.07,0.101,0.879982371301858,"CAPS","Not Significant"
3.5999995932022e-05,-0.316956652724853,0.415,0.467,0.880955900452511,"CTSC","Not Significant"
3.61724669308067e-05,-0.308290990786428,0.211,0.257,0.885176438263771,"HSD3B7","Not Significant"
3.63480751101685e-05,-0.434000622438302,0.183,0.224,0.889473746020933,"AKIP1","Not Significant"
3.64862734756933e-05,0.361661970552531,0.242,0.194,0.892855598223692,"CNOT11","Not Significant"
3.67175394660376e-05,-0.48685729048038,0.143,0.183,0.898514908273407,"SMURF2","Not Significant"
3.68037416086642e-05,-0.352236997361787,0.102,0.139,0.900624360905622,"PLBD2","Not Significant"
3.68697066914829e-05,-0.410155768655912,0.174,0.216,0.902238592447278,"EPAS1","Not Significant"
3.80945121921534e-05,-1.24037648029252,0.255,0.204,0.932210807854187,"AREG","Not Significant"
3.89430209566555e-05,0.48684141589995,0.115,0.081,0.952974665830316,"GGT1","Not Significant"
3.94554136177612e-05,0.279450721881197,0.646,0.675,0.965513426640235,"PPA1","Not Significant"
4.04246541730955e-05,-0.251978759237361,0.352,0.403,0.98923171226982,"CBR1","Not Significant"
4.04769493881231e-05,-0.41533313835477,0.193,0.236,0.990511428476761,"STK38L","Not Significant"
4.19125971898805e-05,-0.5129776690265,0.126,0.164,1,"PEX10","Not Significant"
4.20183102132939e-05,0.458039675693013,0.209,0.165,1,"TRMT1","Not Significant"
4.21137452492688e-05,-0.507398750436206,0.069,0.1,1,"ARHGEF19","Not Significant"
4.21932910400025e-05,-0.583773849722911,0.089,0.121,1,"ELK1","Not Significant"
4.22151589571733e-05,0.269858347413687,0.2,0.157,1,"MUC17","Not Significant"
4.23579705006768e-05,0.623739616399945,0.104,0.072,1,"FCRLA","Not Significant"
4.34322359237437e-05,-0.279692561970237,0.306,0.358,1,"PCMTD1","Not Significant"
4.36425566285681e-05,-0.335632460235504,0.149,0.189,1,"DNASE1L1","Not Significant"
4.39685609531705e-05,-0.294116376377805,0.09,0.124,1,"RP11-1398P2.1","Not Significant"
4.4194465479145e-05,-0.292290896157079,0.182,0.226,1,"FADD","Not Significant"
4.42681113883388e-05,-0.304377285629338,0.234,0.28,1,"AKIRIN1","Not Significant"
4.48095420658531e-05,-0.491195025607075,0.149,0.187,1,"HMGXB3","Not Significant"
4.50919780661222e-05,-0.415320203215492,0.15,0.19,1,"SPRYD3","Not Significant"
4.50933794570395e-05,0.548120822203937,0.16,0.12,1,"TMEM161B-AS1","Not Significant"
4.51791957106544e-05,-0.542001703702403,0.082,0.114,1,"IL17RC","Not Significant"
4.55404284456732e-05,-0.389813913105636,0.252,0.293,1,"IFT27","Not Significant"
4.63111990322123e-05,0.512343335314085,0.123,0.089,1,"TBC1D10C","Not Significant"
4.6359856064183e-05,-0.394819899465587,0.124,0.162,1,"PRADC1","Not Significant"
4.63927261939629e-05,0.353034696050209,0.323,0.273,1,"C1orf106","Not Significant"
4.72299635391625e-05,-0.348950629268347,0.185,0.228,1,"TP53RK","Not Significant"
4.73544542116087e-05,-0.298011651550557,0.243,0.292,1,"SVBP","Not Significant"
4.74207709197227e-05,-0.393236559746555,0.134,0.173,1,"JAG1","Not Significant"
4.7760284999626e-05,0.382842846079425,0.386,0.334,1,"LAMB3","Not Significant"
4.87316934601927e-05,0.298563136247461,0.184,0.141,1,"MYO15B","Not Significant"
4.96250781994858e-05,0.34781576231131,0.126,0.091,1,"BSPRY","Not Significant"
4.981372579003e-05,0.699406025961108,0.22,0.185,1,"MEF2C","Not Significant"
5.00611384129355e-05,0.268893339409268,0.305,0.251,1,"RNF128","Not Significant"
5.10248029157986e-05,0.563208510535773,0.217,0.177,1,"CELF2","Not Significant"
5.11986689721409e-05,0.372050319326648,0.184,0.143,1,"KIF16B","Not Significant"
5.12141960778302e-05,-0.350782392900506,0.125,0.163,1,"KCTD10","Not Significant"
5.20850604445155e-05,-0.548488521089375,0.098,0.133,1,"FAM92A1","Not Significant"
5.22649599190394e-05,-0.320983509205544,0.11,0.146,1,"RNF121","Not Significant"
5.34158068298299e-05,-0.342804024895392,0.25,0.294,1,"DERL2","Not Significant"
5.37166872554125e-05,0.403234466210359,0.159,0.12,1,"TMEM184A","Not Significant"
5.37367233130388e-05,-0.3390020158504,0.077,0.109,1,"IQSEC1","Not Significant"
5.39070068425831e-05,-0.300748818501723,0.235,0.28,1,"MYO1B","Not Significant"
5.40924170162311e-05,-0.263813478951177,0.162,0.204,1,"SEPN1","Not Significant"
5.43494630281146e-05,-0.6005168145991,0.097,0.131,1,"C2CD2","Not Significant"
5.45501573897255e-05,-0.72615559211097,0.09,0.123,1,"PCED1A","Not Significant"
5.46216746949423e-05,0.277946552765761,0.178,0.137,1,"EPB41L4B","Not Significant"
5.50129333459507e-05,-0.561125862404249,0.117,0.154,1,"ANKRD13D","Not Significant"
5.5509387041565e-05,-0.365594412675006,0.217,0.262,1,"ATN1","Not Significant"
5.65160436469559e-05,-0.25637190417668,0.288,0.337,1,"TMEM214","Not Significant"
5.7021513909501e-05,-0.314017170992803,0.144,0.185,1,"TXLNA","Not Significant"
5.76046750991246e-05,-0.340867654522021,0.202,0.245,1,"BRE","Not Significant"
5.8830008451365e-05,-0.319436425447397,0.123,0.161,1,"PIGK","Not Significant"
6.07081910505509e-05,-0.540398371292013,0.214,0.253,1,"HOXA10","Not Significant"
6.10895297226672e-05,-0.290775453855559,0.32,0.361,1,"PPP2R4","Not Significant"
6.12367814015002e-05,0.374908491760893,0.338,0.294,1,"GSKIP","Not Significant"
6.12556059616618e-05,0.457689977227208,0.139,0.103,1,"ANKRD9","Not Significant"
6.15610180458193e-05,-1.07743665022808,0.426,0.463,1,"SOD2","Not Significant"
6.21989057925045e-05,-0.376818352258915,0.101,0.137,1,"TNFAIP2","Not Significant"
6.27469571863479e-05,-0.259669201534896,0.134,0.173,1,"METTL10","Not Significant"
6.52209239665605e-05,-0.560767963977771,0.104,0.138,1,"PCGF1","Not Significant"
6.58984561102077e-05,-0.31467407343619,0.194,0.238,1,"DHRS1","Not Significant"
6.59420855742844e-05,0.681073893030696,0.125,0.092,1,"HCST","Not Significant"
6.68348121735983e-05,0.684329509961392,0.148,0.113,1,"CD27","Not Significant"
6.75670130787862e-05,0.688925866360737,0.141,0.107,1,"LAT2","Not Significant"
7.05611978650844e-05,-0.277181171265931,0.25,0.294,1,"ISCA1","Not Significant"
7.0758383985408e-05,-0.507177396639132,0.167,0.205,1,"PGM3","Not Significant"
7.08972163418163e-05,-0.270268256100717,0.165,0.207,1,"GGCX","Not Significant"
7.12897220280342e-05,-0.484162612262245,0.11,0.144,1,"LRRC61","Not Significant"
7.13823650807915e-05,0.74866443655098,0.154,0.119,1,"CLEC2D","Not Significant"
7.14463354835378e-05,0.434143210405892,0.187,0.148,1,"DDX60","Not Significant"
7.25242436160791e-05,0.258795262189035,0.25,0.202,1,"GRTP1","Not Significant"
7.45825754024012e-05,-0.275589936571797,0.208,0.254,1,"HGSNAT","Not Significant"
7.56308832725e-05,-0.299813961767335,0.083,0.114,1,"PPIL1","Not Significant"
7.58441088880074e-05,0.323208526521408,0.2,0.157,1,"PKP4","Not Significant"
7.68753938152469e-05,0.370382362680479,0.265,0.22,1,"USP53","Not Significant"
7.70360761118944e-05,0.523253483149486,0.126,0.093,1,"FABP6","Not Significant"
7.70633956623431e-05,0.363331227239395,0.208,0.165,1,"EIF5AL1","Not Significant"
7.73009180056056e-05,0.407684958757311,0.24,0.196,1,"LPIN1","Not Significant"
7.73633357353468e-05,0.543619869145834,0.134,0.099,1,"LPAR5","Not Significant"
7.79748655498435e-05,-0.25248347934382,0.288,0.337,1,"SLC25A11","Not Significant"
7.81941723947443e-05,0.361139039916585,0.277,0.228,1,"AOC1","Not Significant"
7.84326931967565e-05,0.972462712252444,0.126,0.094,1,"RNGTT","Not Significant"
7.89585014244756e-05,0.330889190065977,0.195,0.153,1,"RALGAPA2","Not Significant"
8.00625048436207e-05,-0.338974079439502,0.251,0.292,1,"SEPT10","Not Significant"
8.12617923931137e-05,-0.3216958214489,0.153,0.192,1,"CHPF2","Not Significant"
8.20393226277678e-05,-0.637050309211671,0.072,0.102,1,"DEPTOR","Not Significant"
8.24508024871301e-05,0.254692135177515,0.433,0.391,1,"NDUFA7","Not Significant"
8.24701404444229e-05,0.521042355128044,0.186,0.147,1,"MAP3K1","Not Significant"
8.25731801523667e-05,-0.358565899654237,0.101,0.135,1,"H2AFY2","Not Significant"
8.28515462685699e-05,0.487293060112483,0.194,0.154,1,"MICAL3","Not Significant"
8.36675000694807e-05,0.307589420687859,0.176,0.136,1,"AGPAT5","Not Significant"
8.52766140042531e-05,-0.268665820683717,0.173,0.215,1,"SERTAD3","Not Significant"
8.56101590433248e-05,-0.285178991310274,0.232,0.273,1,"MICU1","Not Significant"
8.56149856381679e-05,-0.446952378984397,0.09,0.123,1,"PAAF1","Not Significant"
8.71416641531151e-05,-0.547901042253936,0.079,0.11,1,"AP006621.5","Not Significant"
8.76271570140374e-05,-0.281137856017771,0.309,0.354,1,"DHRS4L2","Not Significant"
8.79348815192517e-05,0.294975120843832,0.441,0.399,1,"EPSTI1","Not Significant"
8.79744005094077e-05,-0.29866027118729,0.199,0.24,1,"KLHL42","Not Significant"
8.81104798135518e-05,0.467709503812859,0.266,0.223,1,"SELENBP1","Not Significant"
9.08644399913913e-05,0.264700571211054,0.158,0.121,1,"FAM135A","Not Significant"
9.12501027699826e-05,0.30989697793403,0.265,0.219,1,"DHCR24","Not Significant"
9.14232072103416e-05,-0.309207955216869,0.162,0.202,1,"ZNF281","Not Significant"
9.1972944118755e-05,0.571172356029398,0.161,0.123,1,"PTPN3","Not Significant"
9.28150244362971e-05,0.421045392496456,0.169,0.13,1,"CCDC88C","Not Significant"
9.31813165702558e-05,0.567475488934617,0.107,0.076,1,"HS3ST1","Not Significant"
9.34769032377927e-05,0.281827735457741,0.265,0.216,1,"KCNK1","Not Significant"
9.44413494940778e-05,0.331812093681772,0.21,0.168,1,"RASSF3","Not Significant"
9.58557078248337e-05,0.334522557989414,0.39,0.357,1,"MRPS35","Not Significant"
9.58776614186619e-05,0.336460455872044,0.136,0.102,1,"DUSP16","Not Significant"
9.66865781793094e-05,0.320727978220645,0.49,0.449,1,"HDAC1","Not Significant"
9.75413738156183e-05,0.579301321537762,0.188,0.15,1,"PLEKHA2","Not Significant"
9.93926179377928e-05,-0.329062406220708,0.084,0.116,1,"FAS","Not Significant"
9.95733052440994e-05,0.37287001546211,0.415,0.386,1,"NDUFA9","Not Significant"
0.000100376842038021,0.816445981091222,0.122,0.09,1,"DOPEY2","Not Significant"
0.000101187020748414,0.332629360733761,0.125,0.091,1,"IL22RA1","Not Significant"
0.000102172499557695,-0.296355487641776,0.273,0.315,1,"IP6K2","Not Significant"
0.000105753087059158,0.449987021191972,0.172,0.133,1,"TARBP1","Not Significant"
0.000106256446391686,-0.256358184551938,0.264,0.309,1,"LLNLR-245B6.1","Not Significant"
0.000106405914545444,-0.405493976243506,0.189,0.23,1,"SPRY1","Not Significant"
0.000108681733321466,0.720748999269472,0.278,0.249,1,"LIMD2","Not Significant"
0.000109720868525065,0.341095937214464,0.176,0.137,1,"EVPL","Not Significant"
0.000109924835202664,-0.307927895808462,0.139,0.177,1,"ABL2","Not Significant"
0.000110305433110994,-0.310432894410998,0.268,0.313,1,"TOLLIP","Not Significant"
0.000110585612702731,-0.469916156956222,0.104,0.137,1,"NMT2","Not Significant"
0.000110777673203031,-0.305557611725554,0.162,0.199,1,"SETD7","Not Significant"
0.000110932588480224,0.757068931363609,0.11,0.079,1,"SMIM2-AS1","Not Significant"
0.000112738029218007,-0.383430792858991,0.213,0.253,1,"ANKH","Not Significant"
0.000112888754880023,0.332684110756482,0.24,0.195,1,"WASH1","Not Significant"
0.000113294925879167,-0.360409215456812,0.2,0.241,1,"TCTN3","Not Significant"
0.000115884339019733,-0.588778587248516,0.119,0.153,1,"PEAK1","Not Significant"
0.00011636020189564,-0.527012664697387,0.119,0.153,1,"NBAS","Not Significant"
0.000116847244719689,-0.275119580445188,0.282,0.327,1,"DTD1","Not Significant"
0.000117058465390692,-0.25573904289086,0.189,0.231,1,"CTBS","Not Significant"
0.000118600357151522,0.330830838516273,0.155,0.119,1,"XPO4","Not Significant"
0.000119973883436842,0.26603649628398,0.259,0.213,1,"CDHR5","Not Significant"
0.000121428821645771,0.56025908166161,0.146,0.111,1,"CASP2","Not Significant"
0.000122090620471382,0.288906856308472,0.799,0.781,1,"HLA-E","Not Significant"
0.000124321886267837,-0.443723437525449,0.123,0.158,1,"RUFY3","Not Significant"
0.000124536456393257,-0.417208662502462,0.104,0.138,1,"ACVR1","Not Significant"
0.000124760682303997,-0.321160001604542,0.136,0.173,1,"DEXI","Not Significant"
0.000129298805427431,-0.356281829868446,0.24,0.281,1,"BRD9","Not Significant"
0.000131649581918748,0.352463091331885,0.114,0.082,1,"ENDOG","Not Significant"
0.000133248613426391,-0.310363968574207,0.16,0.198,1,"AFAP1","Not Significant"
0.000134107075167946,0.417444240749483,0.373,0.332,1,"FAM96A","Not Significant"
0.000135514460046178,0.419962983544326,0.234,0.193,1,"PPP2R5A","Not Significant"
0.000136962066914165,-0.48108474334992,0.158,0.196,1,"POLR3D","Not Significant"
0.000140382643943697,0.29091628984639,0.585,0.582,1,"CYSTM1","Not Significant"
0.000140483523306066,-0.267597548984874,0.283,0.327,1,"TMEM50B","Not Significant"
0.00014087829467094,0.321603676584232,0.284,0.237,1,"BAIAP2L1","Not Significant"
0.000141435401402763,-0.25169681699027,0.282,0.325,1,"ZDHHC4","Not Significant"
0.00014148025991656,-0.495715756472769,0.099,0.132,1,"NPIPA1","Not Significant"
0.000142419756714759,0.445025486698402,0.726,0.787,1,"TXN","Not Significant"
0.000146335250363152,0.472486191644371,0.674,0.725,1,"KRT8","Not Significant"
0.000147167973612086,-0.288760417352713,0.222,0.263,1,"COMMD2","Not Significant"
0.000149372367287953,0.630725923762662,0.126,0.096,1,"HCLS1","Not Significant"
0.00014952034159287,-0.250749660153704,0.32,0.362,1,"RRAGA","Not Significant"
0.000150139239115572,-0.396107603979113,0.144,0.18,1,"PWWP2A","Not Significant"
0.000152568630214441,0.453391210590976,0.136,0.102,1,"FBRSL1","Not Significant"
0.000154940533185909,-0.267424859323523,0.111,0.145,1,"AQP1","Not Significant"
0.000156396001837053,-0.270088712390418,0.252,0.295,1,"PMM1","Not Significant"
0.000157968949939387,0.262997344450592,0.103,0.073,1,"HR","Not Significant"
0.000159070608533233,0.477998860285657,0.327,0.289,1,"ICAM3","Not Significant"
0.000159425390394126,0.288471941480443,0.18,0.141,1,"MRGBP","Not Significant"
0.000161560507759467,0.411179283023629,0.131,0.099,1,"PPARG","Not Significant"
0.000162134189515774,-0.343491445137267,0.142,0.179,1,"RASAL2","Not Significant"
0.000164697930106034,-0.382010662575111,0.239,0.279,1,"MACROD1","Not Significant"
0.00016554967502305,0.306142042518887,0.247,0.206,1,"SLC7A1","Not Significant"
0.00016762131401589,-0.262893478344967,0.297,0.343,1,"NEU1","Not Significant"
0.000168615143655427,-0.330745976013021,0.127,0.162,1,"MECR","Not Significant"
0.000169214885541357,-0.271891160546335,0.327,0.369,1,"RND3","Not Significant"
0.000172805320727612,0.293736034971812,0.265,0.218,1,"CLDN1","Not Significant"
0.000173508926593739,-0.281453473123695,0.309,0.354,1,"CSNK1E","Not Significant"
0.00017684402038068,-0.665948792782203,0.086,0.116,1,"SIPA1L2","Not Significant"
0.000178064775054976,0.359700917396376,0.196,0.156,1,"SEMA4G","Not Significant"
0.000179153775862872,0.331790218756076,0.312,0.268,1,"CD2AP","Not Significant"
0.000179942855063947,-0.262847326722194,0.294,0.335,1,"VPS26A","Not Significant"
0.00018038288447461,0.408973488123577,0.178,0.141,1,"WDR72","Not Significant"
0.000181269506798173,0.574499173496554,0.178,0.144,1,"PSMB8-AS1","Not Significant"
0.000181905845644763,0.269789173202269,0.369,0.322,1,"TINAGL1","Not Significant"
0.000182832701421846,0.711110374805622,0.136,0.106,1,"HVCN1","Not Significant"
0.000183014374794851,0.648146867676229,0.133,0.099,1,"ANAPC1","Not Significant"
0.000186268184851247,-0.308967103950179,0.234,0.276,1,"LRRC41","Not Significant"
0.000186851719604351,-0.309175661096091,0.079,0.109,1,"TMEM64","Not Significant"
0.000188577583507111,-0.356752975655577,0.191,0.23,1,"IMMP1L","Not Significant"
0.000194354490862289,0.523508320294305,0.163,0.13,1,"CYTIP","Not Significant"
0.000196471336112778,0.2651326449461,0.54,0.523,1,"CD46","Not Significant"
0.000197346063937508,0.652698800968464,0.166,0.132,1,"MICAL1","Not Significant"
0.000200205057779706,0.275153378130263,0.508,0.475,1,"NQO1","Not Significant"
0.00020065773029954,-0.453853121672546,0.088,0.119,1,"BBS7","Not Significant"
0.00020159525622265,0.339630606253341,0.373,0.341,1,"ASL","Not Significant"
0.000202232123122067,-0.256363033860803,0.108,0.142,1,"PFKFB3","Not Significant"
0.000204047528140103,-0.457196320889224,0.124,0.158,1,"FURIN","Not Significant"
0.000204474490035917,-0.268753412525427,0.179,0.219,1,"HTRA2","Not Significant"
0.000206111584902851,-0.627616365842762,0.11,0.141,1,"MIRLET7BHG","Not Significant"
0.000210113028233955,-0.317608385853775,0.566,0.62,1,"TSC22D1","Not Significant"
0.000210996559052337,0.30355875112226,0.163,0.126,1,"OSBPL3","Not Significant"
0.000211311790494373,0.555324172999411,0.248,0.212,1,"DCK","Not Significant"
0.000215870925312988,0.272406440044217,0.462,0.436,1,"DSG2","Not Significant"
0.000219481973907911,-0.543814836831912,0.105,0.136,1,"PCBP4","Not Significant"
0.000224575571573836,0.365399731490057,0.204,0.165,1,"MGAT4A","Not Significant"
0.000225284113745695,-0.428273016205761,0.073,0.101,1,"NRBP2","Not Significant"
0.000225468296041273,-0.40578645214192,0.091,0.122,1,"ANKMY2","Not Significant"
0.000227636851790888,-0.322579624496056,0.411,0.454,1,"SLC38A2","Not Significant"
0.000228456769976541,-0.365986491293692,0.074,0.102,1,"CRY2","Not Significant"
0.000229478090882642,-0.544645898908792,0.084,0.112,1,"ICK","Not Significant"
0.000232108692386358,-0.307177041233629,0.139,0.174,1,"OAF","Not Significant"
0.000234992646775604,0.29985868515951,0.221,0.18,1,"CDS1","Not Significant"
0.000236238737077903,0.390039982323024,0.172,0.135,1,"MFSD6","Not Significant"
0.000237938981042043,-0.257067104493209,0.108,0.142,1,"THAP3","Not Significant"
0.000239233023661738,-0.304909092323907,0.254,0.295,1,"GNS","Not Significant"
0.000240146635964584,-0.368496017473376,0.121,0.155,1,"CSAD","Not Significant"
0.000240185932529206,0.452043794186604,0.112,0.082,1,"ELOVL7","Not Significant"
0.000248258614506713,-0.332397119615983,0.12,0.155,1,"DNM1","Not Significant"
0.000255243994315297,-0.285169318073389,0.162,0.198,1,"TANC1","Not Significant"
0.00025952818676041,-0.44682527114813,0.09,0.121,1,"LZTFL1","Not Significant"
0.000267522221936711,-0.356431928982659,0.103,0.134,1,"EIF5A2","Not Significant"
0.000272098328280515,-0.263563620558338,0.22,0.264,1,"GRAMD1A","Not Significant"
0.00027267597711569,-0.273337047743275,0.195,0.235,1,"TMEM167B","Not Significant"
0.000273920580481962,0.268704270095097,0.617,0.619,1,"ATP1A1","Not Significant"
0.000275770028196538,0.342187629481244,0.189,0.151,1,"EPHB2","Not Significant"
0.000278841165849524,-0.356519199581286,0.13,0.165,1,"ALKBH2","Not Significant"
0.000279303594933791,-0.483535750011173,0.075,0.102,1,"TBC1D2","Not Significant"
0.000280684432847953,-0.277844824246292,0.217,0.257,1,"WDR6","Not Significant"
0.000287524188655056,0.31254050398186,0.395,0.356,1,"FAM49B","Not Significant"
0.000287703772357034,0.274475010352049,0.22,0.179,1,"CHMP4C","Not Significant"
0.000287805906075463,0.274590352038567,0.367,0.328,1,"PLGRKT","Not Significant"
0.000292674299755375,-0.609067781071659,0.1,0.13,1,"TEAD3","Not Significant"
0.000293390521415715,-0.493145031585858,0.126,0.158,1,"PPME1","Not Significant"
0.000296863154786882,-0.277455338263918,0.183,0.219,1,"WDR46","Not Significant"
0.0002997994396307,0.259320554521401,0.174,0.138,1,"DNMBP","Not Significant"
0.000301600245317555,-0.327286610323317,0.163,0.199,1,"NOL10","Not Significant"
0.000304552979957148,-0.408516862993559,0.115,0.147,1,"SERGEF","Not Significant"
0.000308378397686472,0.349520031059608,0.215,0.176,1,"CASP8","Not Significant"
0.000312147315639907,-0.403971897959799,0.243,0.28,1,"KLK11","Not Significant"
0.000312689811806637,0.536088006041508,0.107,0.079,1,"STX19","Not Significant"
0.000316151070913773,0.381843365979396,0.122,0.091,1,"CARD10","Not Significant"
0.000316591114334118,0.799471408112484,0.219,0.191,1,"PRAC1","Not Significant"
0.000322826704736727,-0.305635739019118,0.145,0.179,1,"PSD3","Not Significant"
0.000323928346919658,0.353948453206212,0.134,0.101,1,"PI4K2B","Not Significant"
0.000324904859371428,0.269110975752831,0.14,0.107,1,"ANKRD22","Not Significant"
0.000327536669985146,-0.464887337778388,0.11,0.141,1,"PEX19","Not Significant"
0.000329259160952598,-0.306566247916206,0.157,0.191,1,"UFSP2","Not Significant"
0.000332801172112376,-0.469589032449799,0.086,0.114,1,"CA11","Not Significant"
0.00033388034640382,-0.283315310901923,0.216,0.259,1,"SOD3","Not Significant"
0.000335203337666216,-0.272489703597424,0.242,0.284,1,"PJA2","Not Significant"
0.00034550362630498,-0.333715809576056,0.247,0.284,1,"SFT2D2","Not Significant"
0.000346043833037841,-0.497252086306928,0.095,0.125,1,"NPC1","Not Significant"
0.000347413253532853,0.326092610512055,0.16,0.125,1,"ALYREF","Not Significant"
0.000348010301673648,0.812596480778654,0.105,0.077,1,"CMPK2","Not Significant"
0.000348853308535128,0.481573184555132,0.203,0.167,1,"ST6GAL1","Not Significant"
0.000352869019170355,0.31853477499348,0.362,0.323,1,"ARHGEF1","Not Significant"
0.00035547053873466,0.644725307631083,0.126,0.096,1,"PTPRR","Not Significant"
0.000362918745368733,0.368372579950104,0.114,0.084,1,"PAQR8","Not Significant"
0.000364089291038879,0.337990925515852,0.104,0.076,1,"RP11-734K2.4","Not Significant"
0.000364657015640422,-0.443296937250998,0.129,0.162,1,"IGF1R","Not Significant"
0.000370414708222756,-0.261313121179143,0.169,0.206,1,"OSBPL1A","Not Significant"
0.000373796643280296,-0.269138422272909,0.16,0.196,1,"ARL8A","Not Significant"
0.000374539179001291,0.311692873801597,0.122,0.092,1,"LINC00668","Not Significant"
0.000376579486440724,0.478721839735335,0.198,0.161,1,"HMHA1","Not Significant"
0.000376663473379223,-0.343136646461031,0.135,0.169,1,"TARSL2","Not Significant"
0.000381666324123319,0.390023133087008,0.181,0.144,1,"DENND2D","Not Significant"
0.000382226094048715,0.302515169310987,0.108,0.079,1,"C4orf19","Not Significant"
0.000384825578632255,0.307576104315438,0.125,0.095,1,"PCSK9","Not Significant"
0.000387320452890619,-0.25915220295649,0.13,0.164,1,"ZFYVE19","Not Significant"
0.000389712852875985,0.264012467799566,0.437,0.395,1,"SPINT1","Not Significant"
0.0003924111778386,-0.290513058966574,0.08,0.108,1,"PHF21A","Not Significant"
0.000398454878833283,-0.373683145767223,0.073,0.101,1,"SIK3","Not Significant"
0.00040000017474878,-0.277479607306753,0.135,0.168,1,"GMPPB","Not Significant"
0.000400052567337501,-0.302428230642432,0.303,0.341,1,"ARHGEF12","Not Significant"
0.000408969089630151,-0.279500355543297,0.302,0.343,1,"MVB12A","Not Significant"
0.000409181564272862,-0.362989708267075,0.178,0.212,1,"CPEB4","Not Significant"
0.0004117641428801,0.268173168248337,0.3,0.255,1,"CHD1","Not Significant"
0.00041318748536976,0.47354461183474,0.128,0.097,1,"LRRC75A","Not Significant"
0.000415857781913245,-0.273907496115108,0.232,0.27,1,"COLGALT1","Not Significant"
0.000417826687175574,0.329037284960192,0.144,0.111,1,"NACC1","Not Significant"
0.000419124230540554,-0.389629870377346,0.08,0.108,1,"SLC8B1","Not Significant"
0.000419531567386617,0.321497905064465,0.442,0.416,1,"ANP32A","Not Significant"
0.000419824522749429,0.409148600600927,0.208,0.171,1,"PAN3","Not Significant"
0.000420693068132566,-0.804772598463702,0.078,0.104,1,"RAI1","Not Significant"
0.00042084537278302,-0.271093913579576,0.187,0.225,1,"PINK1","Not Significant"
0.000423692580420667,-0.37879365743895,0.117,0.149,1,"ARAP1","Not Significant"
0.000426478586824065,0.419955262900526,0.438,0.404,1,"PARP1","Not Significant"
0.000427371743553682,-0.264814080497518,0.352,0.398,1,"AHCYL1","Not Significant"
0.000428779725920332,0.436719937847949,0.318,0.285,1,"INSIG1","Not Significant"
0.000430934324783977,0.398881153451582,0.124,0.094,1,"FAM84B","Not Significant"
0.000431756799559748,-0.419086113152577,0.138,0.171,1,"SLC9A3R2","Not Significant"
0.00043217246374736,-0.386732259048317,0.189,0.225,1,"EXOC3","Not Significant"
0.00043253423378688,0.378725614996516,0.163,0.128,1,"MAPK13","Not Significant"
0.000440081481788016,0.303696992510792,0.219,0.181,1,"PTPRN2","Not Significant"
0.000442374921815472,-0.312991144179886,0.255,0.295,1,"EMC2","Not Significant"
0.000444506522963506,-0.29944880241762,0.182,0.22,1,"AGPS","Not Significant"
0.00044760087117598,0.329303117088802,0.201,0.164,1,"YAE1D1","Not Significant"
0.000448729452118188,-0.255555902773816,0.323,0.365,1,"VCL","Not Significant"
0.000449102304471948,-0.324306560522478,0.147,0.182,1,"KIF22","Not Significant"
0.000451960076474738,0.464332581043707,0.399,0.378,1,"QTRT1","Not Significant"
0.000454589114866861,0.355289749831788,0.13,0.099,1,"CHDH","Not Significant"
0.000456309667025458,-0.491698919437352,0.082,0.109,1,"NR2F1","Not Significant"
0.000456429715339825,-0.311621750033006,0.127,0.16,1,"OTUD7B","Not Significant"
0.000460549208298344,-0.304446841310257,0.187,0.224,1,"DYRK4","Not Significant"
0.000461125151743355,0.360175304998597,0.29,0.252,1,"TSR3","Not Significant"
0.000466062018965199,0.363877755907438,0.344,0.305,1,"OAS1","Not Significant"
0.000466536836059037,0.274873457300847,0.271,0.23,1,"TRAK1","Not Significant"
0.000481327452889279,0.645750402376831,0.156,0.126,1,"IFIT1","Not Significant"
0.00048626045842814,0.51253934574255,0.197,0.162,1,"KIAA0040","Not Significant"
0.000489138716212884,0.259200097750603,0.354,0.32,1,"UCHL3","Not Significant"
0.000492036809497691,0.386486225820555,0.196,0.16,1,"C12orf49","Not Significant"
0.000499709505133173,0.260791633367274,0.209,0.171,1,"MMP15","Not Significant"
0.000502807680780744,0.262214515376608,0.306,0.262,1,"MLLT4","Not Significant"
0.000507431238710239,0.652832287732672,0.129,0.099,1,"RP11-465B22.8","Not Significant"
0.00050760414021591,0.424034664206373,0.149,0.116,1,"HK2","Not Significant"
0.000509086150038964,-0.300886140542334,0.286,0.33,1,"NPM3","Not Significant"
0.000510127412364115,0.408750482720668,0.328,0.285,1,"SYNE2","Not Significant"
0.000512187047684194,-0.452315515671639,0.154,0.187,1,"SEPT8","Not Significant"
0.000513061447177926,0.263696508356332,0.218,0.178,1,"UGT8","Not Significant"
0.000524378853555107,-0.283819778973542,0.225,0.261,1,"HARS","Not Significant"
0.000533495072483183,0.506272720290708,0.255,0.22,1,"NCOA3","Not Significant"
0.000536137375943976,0.500996879315033,0.344,0.308,1,"REL","Not Significant"
0.000557908001356781,0.33375425777315,0.13,0.099,1,"GALNT12","Not Significant"
0.000564764236120814,-0.345016043647811,0.538,0.585,1,"NFKBIA","Not Significant"
0.000568979450474799,0.319431851860689,0.45,0.408,1,"CEACAM5","Not Significant"
0.00057204012395822,0.323975663673975,0.312,0.268,1,"YDJC","Not Significant"
0.000577867992984414,0.290115072193202,0.304,0.265,1,"ENTPD6","Not Significant"
0.000580481427457928,0.362490572835487,0.31,0.276,1,"TOMM5","Not Significant"
0.000597309654801733,0.303501414969694,0.335,0.295,1,"DAZAP1","Not Significant"
0.0005975459180195,-0.389894143366772,0.163,0.198,1,"PKD1","Not Significant"
0.00060052513456397,0.26976054018678,0.237,0.198,1,"MEST","Not Significant"
0.000601688917290733,0.285245354841512,0.132,0.101,1,"CNKSR3","Not Significant"
0.000606891571429498,-0.322763960535555,0.164,0.198,1,"SLC10A3","Not Significant"
0.000609120917258577,0.278076438283055,0.114,0.085,1,"TNFRSF13B","Not Significant"
0.000610433928884515,-0.254343137468465,0.079,0.107,1,"THEMIS2","Not Significant"
0.00061693162450726,0.361031143232581,0.134,0.103,1,"PPFIBP2","Not Significant"
0.000618096419354275,0.375983860508391,0.329,0.288,1,"TMEM33","Not Significant"
0.00062052269268368,0.457489767979069,0.147,0.115,1,"ZFP62","Not Significant"
0.000625388731524353,0.397576046810013,0.144,0.112,1,"RP11-386I14.4","Not Significant"
0.000626944972812533,-0.461202509547338,0.271,0.303,1,"MBOAT2","Not Significant"
0.00063104130367425,0.379362622803183,0.15,0.118,1,"FAM134B","Not Significant"
0.000632800042244342,-0.288632431100659,0.101,0.131,1,"CGRRF1","Not Significant"
0.0006362911909992,0.352859541454782,0.12,0.09,1,"SLC25A25-AS1","Not Significant"
0.000642396611363821,0.395925548444788,0.254,0.216,1,"BCL10","Not Significant"
0.000644455506507791,0.309335692657606,0.363,0.326,1,"BCL2L1","Not Significant"
0.000644887723599579,-0.333383120321875,0.099,0.129,1,"NINJ2","Not Significant"
0.000662024134161732,-0.34470032868961,0.149,0.183,1,"DPY19L1","Not Significant"
0.000666106185231925,-0.264651198613453,0.093,0.122,1,"RNF207","Not Significant"
0.000667833103038784,0.424079202554443,0.386,0.356,1,"ASS1","Not Significant"
0.000670430555462178,0.337268604302965,0.146,0.114,1,"GNE","Not Significant"
0.000670921368812016,-0.297634721612028,0.149,0.183,1,"GPN1","Not Significant"
0.000673148461267067,-0.378699033216976,0.325,0.356,1,"BMP4","Not Significant"
0.000679683567890649,0.480544878958532,0.323,0.289,1,"ITSN2","Not Significant"
0.000697123282512968,-0.371099890417701,0.14,0.173,1,"GBF1","Not Significant"
0.000697979737698902,0.426194890377809,0.253,0.218,1,"ACBD5","Not Significant"
0.000704698302567935,-0.573077369874115,0.08,0.106,1,"FTO","Not Significant"
0.000707077654531826,0.367755587870838,0.1,0.073,1,"HHLA2","Not Significant"
0.000708885709618604,0.444514493041544,0.133,0.102,1,"PKIB","Not Significant"
0.000711005811383126,0.339600865825907,0.337,0.3,1,"IARS2","Not Significant"
0.000714680357406158,-0.265162287949177,0.318,0.357,1,"MCFD2","Not Significant"
0.000725302414386726,0.520097809923343,0.111,0.084,1,"DOCK8","Not Significant"
0.000726053103691661,-0.278602271158782,0.241,0.28,1,"USP47","Not Significant"
0.000731636226586302,-0.407407582859475,0.086,0.113,1,"COL27A1","Not Significant"
0.000736994337087875,0.494300064981921,0.132,0.102,1,"IFIH1","Not Significant"
0.000749517106632515,0.27458249711456,0.361,0.321,1,"PIM3","Not Significant"
0.00075450266611331,-0.325711315736998,0.224,0.258,1,"SNX7","Not Significant"
0.000754603546112881,-0.331995016014949,0.09,0.118,1,"GNA12","Not Significant"
0.000756069686945835,0.493587318481877,0.105,0.078,1,"CTD-3184A7.4","Not Significant"
0.000764012709642438,0.279183265273805,0.355,0.316,1,"MGAT4B","Not Significant"
0.000764305049878715,0.525691067163594,0.125,0.096,1,"PHF19","Not Significant"
0.000770305260149972,0.300411582273196,0.224,0.187,1,"HRAS","Not Significant"
0.000774288298785991,0.473787278162392,0.101,0.075,1,"KDM1B","Not Significant"
0.000774531650420443,-0.310326205318343,0.194,0.229,1,"DFFA","Not Significant"
0.000786119564893333,0.299204192109313,0.374,0.334,1,"SLC40A1","Not Significant"
0.000798325350698722,-0.266768445119628,0.251,0.292,1,"ZCCHC17","Not Significant"
0.000800881367764784,-0.353947520605664,0.081,0.107,1,"CRY1","Not Significant"
0.000801246813281219,0.287213077872773,0.219,0.182,1,"PTPRH","Not Significant"
0.000801926379874895,0.445088142704536,0.117,0.089,1,"LINC01559","Not Significant"
0.000802027365555018,-0.446135885819366,0.118,0.147,1,"CAMSAP2","Not Significant"
0.00080763300403072,-0.302249769193113,0.096,0.124,1,"TMEM234","Not Significant"
0.000811199586059706,-0.371261902723817,0.153,0.185,1,"SRD5A1","Not Significant"
0.000816223971647021,-0.312623147370977,0.334,0.373,1,"SLC20A1","Not Significant"
0.000857733420892479,-0.294180674791118,0.147,0.179,1,"NCAPH2","Not Significant"
0.000872263109740729,0.473612199831296,0.101,0.075,1,"NAT1","Not Significant"
0.000884680974651165,0.287877275414405,0.273,0.235,1,"RAB40B","Not Significant"
0.000889087489237059,-0.384567807850791,0.34,0.372,1,"HES1","Not Significant"
0.000897066806872905,0.431798727486955,0.114,0.086,1,"GCNT1","Not Significant"
0.000932642957652123,-0.499553227223523,0.087,0.114,1,"RWDD2B","Not Significant"
0.000932952876350024,-0.27049211830375,0.12,0.151,1,"OSBPL5","Not Significant"
0.000939804904224754,-0.283221209055263,0.428,0.463,1,"GLUL","Not Significant"
0.000939961930535389,0.33882060986227,0.392,0.362,1,"OSTF1","Not Significant"
0.000946343030378573,-0.34865968623198,0.111,0.141,1,"MOSPD1","Not Significant"
0.00095358702966008,-0.319809249953577,0.08,0.106,1,"CADPS2","Not Significant"
0.000956285177469966,-0.351394679936836,0.078,0.103,1,"STOML1","Not Significant"
0.000956528358460641,-0.402517340242227,0.126,0.155,1,"NISCH","Not Significant"
0.000959913337328345,0.354558210551988,0.161,0.128,1,"HUS1","Not Significant"
0.000972945490262804,0.36594680816045,0.189,0.156,1,"ANKRD36C","Not Significant"
0.000986209978241213,0.306596423320232,0.181,0.148,1,"PCMTD2","Not Significant"
0.000987855402055591,-0.35046501132806,0.152,0.185,1,"SKI","Not Significant"
0.000996831568580857,-0.262241804023825,0.18,0.212,1,"ZPR1","Not Significant"
0.00100140056100271,-0.264795564825085,0.167,0.2,1,"CHD3","Not Significant"
0.00100241051274356,-0.307104106473097,0.187,0.221,1,"SRGAP1","Not Significant"
0.00101703771416921,0.450599691302688,0.358,0.432,1,"IGHG1","Not Significant"
0.00102482015099702,0.453949128770597,0.324,0.295,1,"MSMO1","Not Significant"
0.0010477376640466,-0.309726944893535,0.152,0.184,1,"SH2B1","Not Significant"
0.00104910562148007,0.328528751917198,0.192,0.158,1,"PLLP","Not Significant"
0.0010605461554725,0.42597246252315,0.214,0.181,1,"OAS3","Not Significant"
0.00106264051212571,0.386263722335622,0.262,0.231,1,"REG4","Not Significant"
0.00106610012530338,0.308293344618863,0.135,0.105,1,"SGPP2","Not Significant"
0.0010662063325572,0.256992250592073,0.315,0.275,1,"CRYL1","Not Significant"
0.00107068091481995,-0.505928727617159,0.091,0.118,1,"KCP","Not Significant"
0.00107928919894001,-0.318446805374673,0.175,0.208,1,"HILPDA","Not Significant"
0.00108824764915863,0.334289262466916,0.22,0.185,1,"TAPBPL","Not Significant"
0.00109141135801906,0.368138043172495,0.307,0.272,1,"ADGRE5","Not Significant"
0.00110038484405949,0.29136585061106,0.26,0.223,1,"DIAPH1","Not Significant"
0.0011131752967166,-0.494597050987958,0.109,0.137,1,"TMTC2","Not Significant"
0.00111526819672911,0.284779047196878,0.392,0.36,1,"FAM195A","Not Significant"
0.00111905209253702,-0.314746069862333,0.117,0.145,1,"RNF24","Not Significant"
0.00112513853151717,0.316831021733918,0.281,0.244,1,"TP53","Not Significant"
0.00115512285511446,-0.320272946109017,0.08,0.106,1,"SLC35B4","Not Significant"
0.00117968430479159,0.352823754875613,0.256,0.22,1,"PANK3","Not Significant"
0.0011826879908437,-0.339927672747134,0.193,0.229,1,"IER5L","Not Significant"
0.00118549800919334,0.357155636957725,0.254,0.217,1,"ADIPOR2","Not Significant"
0.00120178561063291,0.328833769336173,0.295,0.26,1,"RPS6KA3","Not Significant"
0.00120783407134746,0.453799102692827,0.138,0.108,1,"PWWP2B","Not Significant"
0.0012100216456298,-0.401000791915692,0.103,0.13,1,"UBTD2","Not Significant"
0.00121078520830605,0.5162022473376,0.108,0.081,1,"MBTD1","Not Significant"
0.00122318604795436,0.275877370087674,0.373,0.335,1,"CXXC5","Not Significant"
0.00123043082603347,0.316055002047616,0.164,0.131,1,"NSDHL","Not Significant"
0.00123142324197863,0.335326764017579,0.122,0.094,1,"GPR183","Not Significant"
0.00123230779238634,0.466449494787359,0.177,0.146,1,"C2orf82","Not Significant"
0.00125451619687305,-0.26613523828442,0.101,0.129,1,"TRMT11","Not Significant"
0.00126073157184104,0.32489923207161,0.278,0.242,1,"FO538757.2","Not Significant"
0.00126590354660848,0.367263218547112,0.116,0.089,1,"OVOL1","Not Significant"
0.00126732200486847,-0.29798206379019,0.141,0.172,1,"POLK","Not Significant"
0.00128190257417534,0.271792875924862,0.249,0.209,1,"DTX3L","Not Significant"
0.00128616989135489,-0.430748364632672,0.103,0.129,1,"DSTYK","Not Significant"
0.00128671078724527,0.559069731986326,0.214,0.181,1,"PRKD2","Not Significant"
0.00128916355582091,0.257486304662561,0.441,0.407,1,"TIMM17B","Not Significant"
0.00129657399565451,0.404154324463436,0.14,0.112,1,"ME1","Not Significant"
0.0013085158353287,-0.280205624363334,0.266,0.301,1,"ABHD12","Not Significant"
0.00131734603579431,0.284417720426383,0.153,0.122,1,"PIK3C2B","Not Significant"
0.00131816204245707,-0.3147654382879,0.09,0.116,1,"MEGF6","Not Significant"
0.00131895274310768,-0.734386179197591,0.118,0.145,1,"TNFAIP3","Not Significant"
0.00133336362153397,-0.259397938091986,0.175,0.207,1,"NAPG","Not Significant"
0.0013399681033995,-0.287659460171829,0.079,0.104,1,"PQLC2","Not Significant"
0.00135057319013216,0.279305172441454,0.111,0.084,1,"SAMD5","Not Significant"
0.00137369957508942,-0.514067651153685,0.098,0.125,1,"DMWD","Not Significant"
0.00137423552924863,0.281646566550789,0.287,0.249,1,"SORL1","Not Significant"
0.00138094591900217,-0.356339322590621,0.179,0.213,1,"ZFHX3","Not Significant"
0.00138492032512819,0.320902373114203,0.2,0.166,1,"PPARA","Not Significant"
0.00140757673469289,-0.291760091569984,0.149,0.181,1,"FRMD8","Not Significant"
0.00144680158012555,0.304113487856715,0.189,0.156,1,"TOR4A","Not Significant"
0.0014638909212381,-0.381875674736381,0.142,0.173,1,"GTF2H1","Not Significant"
0.00146626513826033,-0.284577601893528,0.089,0.115,1,"CAMTA2","Not Significant"
0.00146978417932633,0.523524022871202,0.141,0.112,1,"NUP88","Not Significant"
0.00148174810481323,-0.370829501772424,0.077,0.101,1,"TAF1C","Not Significant"
0.0015050279559189,-0.445365964953484,0.106,0.132,1,"TMTC3","Not Significant"
0.00151595835750889,0.257540997282314,0.406,0.38,1,"PRELID3B","Not Significant"
0.00152423050084843,-0.563212190305455,0.083,0.108,1,"CGREF1","Not Significant"
0.00154077463199915,-0.264919380509757,0.114,0.142,1,"C12orf29","Not Significant"
0.00154436748374382,-0.344408515940413,0.086,0.111,1,"SOCS5","Not Significant"
0.00164220824535227,-0.306292249858539,0.148,0.179,1,"KCTD20","Not Significant"
0.00164861018517238,0.288577420128792,0.463,0.428,1,"GGNBP2","Not Significant"
0.00165721934315211,-0.501981924093356,0.089,0.114,1,"IP6K1","Not Significant"
0.00167293568326509,-0.314392031611303,0.087,0.112,1,"BAP1","Not Significant"
0.00170997033899254,-0.32825338120054,0.077,0.101,1,"ZDHHC8","Not Significant"
0.00172060675015055,-0.385791866246204,0.215,0.25,1,"SFXN3","Not Significant"
0.00176518282745225,-0.343579762693979,0.094,0.121,1,"C15orf52","Not Significant"
0.00181085683122408,-0.267275212914025,0.205,0.239,1,"RUSC1","Not Significant"
0.00181840325148394,0.279612343625369,0.223,0.187,1,"BRI3BP","Not Significant"
0.00184208060572365,0.268858468606139,0.307,0.27,1,"FAM103A1","Not Significant"
0.00184720709958569,0.365449181855618,0.19,0.158,1,"RHPN2","Not Significant"
0.00186430818779059,-0.378145440403308,0.081,0.105,1,"RAB2B","Not Significant"
0.00186670840132052,0.270544065740808,0.234,0.2,1,"CDC25B","Not Significant"
0.00187749416915676,-0.303726630900126,0.109,0.136,1,"ITPR2","Not Significant"
0.0018885729957076,-0.276001066464331,0.139,0.17,1,"PFKM","Not Significant"
0.00193657075280984,-0.380563892693457,0.088,0.113,1,"CCDC86","Not Significant"
0.00194725358127168,-0.369433315929024,0.122,0.149,1,"LATS2","Not Significant"
0.0019494870779077,0.346532338376821,0.405,0.375,1,"MUC1","Not Significant"
0.00201225346627669,-0.413536314370626,0.108,0.135,1,"SAYSD1","Not Significant"
0.00201238812642752,-0.259162986053334,0.099,0.125,1,"SMG6","Not Significant"
0.00202208878156396,-0.579434778992508,0.093,0.118,1,"AGAP1","Not Significant"
0.00203768561968649,-0.268511954910246,0.117,0.145,1,"RXRB","Not Significant"
0.00204707567038282,-0.485036547088046,0.081,0.105,1,"RPGRIP1L","Not Significant"
0.00205967051397812,-0.478669546887625,0.146,0.176,1,"GBP1","Not Significant"
0.00206625555835526,-0.448145666917775,0.084,0.109,1,"SCMH1","Not Significant"
0.00209461255256743,-0.306803261103469,0.248,0.281,1,"WSB2","Not Significant"
0.00215255708211444,-0.337678558562259,0.215,0.246,1,"ARHGAP21","Not Significant"
0.00219089433897483,-0.365791915490832,0.122,0.149,1,"AMPD2","Not Significant"
0.00219180889340179,0.575803150661182,0.118,0.093,1,"LCK","Not Significant"
0.00220564860730388,0.369394259586553,0.106,0.081,1,"CASP10","Not Significant"
0.00226106025771224,0.333533346173961,0.38,0.351,1,"ANG","Not Significant"
0.00226785714996487,0.255346730084141,0.33,0.293,1,"MDM4","Not Significant"
0.00227932450867585,-0.27837245763825,0.159,0.189,1,"CDKN2AIPNL","Not Significant"
0.0023682355660313,0.342915802914997,0.298,0.262,1,"CKB","Not Significant"
0.00237528061097589,0.359576624041781,0.173,0.143,1,"TRIB1","Not Significant"
0.00237714166090005,0.273909340372254,0.264,0.229,1,"INO80C","Not Significant"
0.002378966632329,-0.273904057217511,0.093,0.119,1,"CNOT10","Not Significant"
0.00238284887498398,0.31389121702023,0.13,0.102,1,"TNFRSF10A","Not Significant"
0.00238464443722264,0.255874874970923,0.261,0.226,1,"TMPO","Not Significant"
0.00239109625135263,-0.322097938822966,0.137,0.165,1,"ANKS3","Not Significant"
0.00240731737083592,0.394559019621998,0.384,0.356,1,"STX7","Not Significant"
0.0024213141931539,0.473848902476105,0.163,0.134,1,"FAM221A","Not Significant"
0.0024507327754569,0.265566195733684,0.138,0.11,1,"NOP2","Not Significant"
0.00246387088461185,-0.319386167688861,0.105,0.13,1,"NR1D2","Not Significant"
0.00247744798721524,-0.372753654218197,0.088,0.112,1,"INPP5F","Not Significant"
0.00249089508793644,-0.309208566103899,0.124,0.153,1,"DDB2","Not Significant"
0.00252594751231803,0.369943914866907,0.278,0.244,1,"SREBF2","Not Significant"
0.0025349291751374,-0.255016368202628,0.102,0.129,1,"MMP28","Not Significant"
0.00253820033106028,0.351831459341977,0.104,0.081,1,"ATP7B","Not Significant"
0.00255340411589673,0.285954674785202,0.529,0.515,1,"NT5C","Not Significant"
0.00255569296170627,-0.344765560174224,0.11,0.136,1,"CIC","Not Significant"
0.00255594613160929,-0.38024010652102,0.167,0.194,1,"PEMT","Not Significant"
0.00258365192076753,0.384225933404629,0.179,0.148,1,"TRIM25","Not Significant"
0.00259968918356393,-0.356386948661216,0.222,0.251,1,"ATP6V1B2","Not Significant"
0.00261853629097187,-0.293408878103404,0.088,0.112,1,"TTC8","Not Significant"
0.00262738734552187,0.400532404558368,0.106,0.082,1,"NUDT12","Not Significant"
0.00264361472954819,-0.354955576435712,0.094,0.118,1,"SOCS4","Not Significant"
0.00267366815226367,0.635112674085433,0.111,0.088,1,"SERPINB9","Not Significant"
0.00268992110412196,-0.443424475850394,0.099,0.124,1,"BOK","Not Significant"
0.0026966350341665,0.295458572118029,0.103,0.079,1,"RPH3AL","Not Significant"
0.00269715460265171,-0.31293366362739,0.079,0.101,1,"HAUS2","Not Significant"
0.00273803312217036,-0.297070974654409,0.244,0.275,1,"RWDD4","Not Significant"
0.00273827786681421,0.278434709925508,0.113,0.088,1,"SLC52A3","Not Significant"
0.00278014051461664,0.296171731240771,0.24,0.208,1,"TRIM16","Not Significant"
0.00278404129128198,-0.417488896073094,0.127,0.154,1,"ZCCHC14","Not Significant"
0.00280450406265216,0.463148308229278,0.138,0.111,1,"MIR194-2HG","Not Significant"
0.00289792533242948,0.36630261809669,0.11,0.085,1,"TAF4","Not Significant"
0.00290272257730201,0.253190416931683,0.152,0.123,1,"PELP1","Not Significant"
0.00296530107630254,-0.268001663475916,0.113,0.139,1,"SLC35A5","Not Significant"
0.00298123013163353,0.492397070053073,0.149,0.122,1,"KLC4","Not Significant"
0.00298867267362002,0.304071504683502,0.158,0.129,1,"ZNF33B","Not Significant"
0.00299172085533954,-0.382487116383374,0.188,0.216,1,"SVIL","Not Significant"
0.00300522665531321,-0.257060310429571,0.168,0.199,1,"C1orf174","Not Significant"
0.00300637698043028,0.260205922399028,0.139,0.111,1,"PAPD5","Not Significant"
0.00308203479977931,-0.289122358918103,0.225,0.256,1,"TCEA3","Not Significant"
0.00309818121917963,-0.266315479983144,0.235,0.264,1,"DHRSX","Not Significant"
0.00313647877867202,-0.308177527123592,0.181,0.209,1,"ZMYND11","Not Significant"
0.0031381482353405,0.313835453967949,0.131,0.105,1,"B4GALNT3","Not Significant"
0.00318447108002267,-0.251551729007454,0.128,0.156,1,"PDCL","Not Significant"
0.00318635853375349,-0.261300401006182,0.185,0.215,1,"EXOC5","Not Significant"
0.00319778935310435,-0.352529069063649,0.162,0.191,1,"LRRC42","Not Significant"
0.00321858071462791,0.482668965264909,0.263,0.231,1,"ZCCHC7","Not Significant"
0.0032250686775675,0.401012000196922,0.166,0.137,1,"SOWAHC","Not Significant"
0.00324660637380988,-0.2877455424729,0.088,0.112,1,"PROS1","Not Significant"
0.00328671937384024,-0.306068884229136,0.215,0.249,1,"YARS","Not Significant"
0.00333913086142015,0.292370222518225,0.411,0.385,1,"HLA-F","Not Significant"
0.00335289549874789,0.27689856857188,0.16,0.131,1,"EPHB4","Not Significant"
0.00336054886677378,0.341253779188558,0.211,0.18,1,"GPALPP1","Not Significant"
0.0033812289788964,0.349775575936085,0.252,0.222,1,"CARS2","Not Significant"
0.003388482605244,0.284280106956706,0.382,0.354,1,"INTS6","Not Significant"
0.00342992021341989,-0.438078744550256,0.131,0.157,1,"IMPDH1","Not Significant"
0.00344243805830727,0.367402565683964,0.216,0.184,1,"RNF6","Not Significant"
0.00351594493205796,-0.405524373669961,0.097,0.12,1,"ERCC4","Not Significant"
0.00356159085903093,-0.297266686195288,0.245,0.277,1,"KIDINS220","Not Significant"
0.00360027984361953,-0.372673738883357,0.163,0.191,1,"SGMS2","Not Significant"
0.00363318358185069,0.26142379334605,0.343,0.311,1,"ZBTB7A","Not Significant"
0.00367060158750872,0.300873117664674,0.34,0.311,1,"REPIN1","Not Significant"
0.0036734729954794,0.269204042145651,0.433,0.401,1,"PLSCR1","Not Significant"
0.00385704188324268,0.400008674780314,0.164,0.136,1,"RGP1","Not Significant"
0.00391152061078015,0.273973619106767,0.257,0.224,1,"CDKN1B","Not Significant"
0.0040052658484871,0.324587157653151,0.265,0.232,1,"COMMD8","Not Significant"
0.00401471660333828,0.483267913551015,0.13,0.106,1,"FCMR","Not Significant"
0.00402197372884987,-0.271906441998055,0.155,0.182,1,"GBA","Not Significant"
0.00403524342940364,0.270129769788343,0.257,0.223,1,"CBWD5","Not Significant"
0.00403576371035411,0.41071793525574,0.208,0.18,1,"RGS1","Not Significant"
0.00403931465700617,0.361130601229946,0.131,0.105,1,"FUT4","Not Significant"
0.00405063988515794,-0.353875369445539,0.119,0.146,1,"MYSM1","Not Significant"
0.00406652714644083,0.492077275602327,0.115,0.091,1,"ZNF493","Not Significant"
0.00409218751851274,0.342454355388128,0.236,0.205,1,"DEDD2","Not Significant"
0.00409418773557974,0.384166860163859,0.157,0.13,1,"CAAP1","Not Significant"
0.00415097234907126,0.37541314653364,0.115,0.091,1,"RBM38","Not Significant"
0.00417116471548855,0.259492771616498,0.221,0.189,1,"WWP1","Not Significant"
0.00421399977944958,-0.256286176911062,0.133,0.16,1,"YIPF1","Not Significant"
0.00421573487034462,-0.311631913756207,0.085,0.108,1,"AGO1","Not Significant"
0.00421702012741547,-0.361618602094328,0.137,0.163,1,"ATF2","Not Significant"
0.00423667577069727,0.361252864626045,0.318,0.286,1,"AKR1C3","Not Significant"
0.00424220698012807,0.287473261601826,0.135,0.108,1,"RAB17","Not Significant"
0.0042570983231847,-0.272331082591718,0.152,0.18,1,"TNFAIP1","Not Significant"
0.00432290079525168,-0.264238747155713,0.099,0.123,1,"CEP89","Not Significant"
0.00437068094403005,0.509938516918472,0.103,0.081,1,"RASGRP3","Not Significant"
0.00442834250057872,0.328643429491069,0.117,0.094,1,"DUSP2","Not Significant"
0.00445140093239958,0.472835409433102,0.101,0.079,1,"FAM101A","Not Significant"
0.00447374240792224,0.301058888296445,0.24,0.207,1,"KANSL1","Not Significant"
0.00451417113116861,-0.26666183941031,0.193,0.222,1,"PPP6R3","Not Significant"
0.00452429393740433,-0.406037921778883,0.096,0.119,1,"TFE3","Not Significant"
0.00457408566768171,-0.403202268145249,0.099,0.123,1,"SACM1L","Not Significant"
0.00461807315433803,-0.375922078404874,0.089,0.111,1,"C7orf26","Not Significant"
0.00462733785114644,-0.260797344332974,0.273,0.306,1,"ABCE1","Not Significant"
0.0046373015233345,0.305563860643747,0.282,0.25,1,"MICU2","Not Significant"
0.00465475963685215,0.438369312056366,0.123,0.099,1,"DDX60L","Not Significant"
0.00477310212347813,-0.40733766866124,0.118,0.142,1,"UBE4B","Not Significant"
0.00477871547572576,0.390229061710273,0.136,0.111,1,"TMTC4","Not Significant"
0.00478593716903358,-0.341765513809736,0.313,0.345,1,"ENC1","Not Significant"
0.00479994137664293,0.278718205568101,0.236,0.204,1,"NUP58","Not Significant"
0.00481093895060639,-0.449123820696464,0.107,0.131,1,"MYEOV","Not Significant"
0.00481382727020956,0.260209093300155,0.278,0.243,1,"KIAA1522","Not Significant"
0.00487796617338008,0.326840755230913,0.222,0.192,1,"SLC37A1","Not Significant"
0.00489326460656016,0.404373407484458,0.104,0.081,1,"FAM171A1","Not Significant"
0.00489712339513931,0.296612783381798,0.329,0.297,1,"YBEY","Not Significant"
0.00490745176886372,-0.35379710063558,0.191,0.221,1,"BAG3","Not Significant"
0.00494557749650764,-0.304857964040303,0.141,0.168,1,"MEMO1","Not Significant"
0.00496678607320934,0.380808854967055,0.104,0.081,1,"ENTPD8","Not Significant"
0.00504375559270222,0.260733299082677,0.232,0.2,1,"TLE4","Not Significant"
0.0052094976241899,-0.508312937636489,0.097,0.12,1,"WDFY3","Not Significant"
0.00523162284645992,0.418043286174962,0.11,0.087,1,"KIAA0101","Not Significant"
0.00531746096812951,0.295216563882218,0.26,0.227,1,"PSPC1","Not Significant"
0.0053414120303467,-0.293515865880421,0.182,0.211,1,"KDM1A","Not Significant"
0.00536210124881055,-0.306130142858109,0.224,0.253,1,"SIKE1","Not Significant"
0.00536588584735811,-0.311475975282893,0.166,0.192,1,"ABCF2","Not Significant"
0.00537422813196642,0.266060275955094,0.159,0.132,1,"ATE1","Not Significant"
0.00537668823012705,0.348873402945737,0.355,0.325,1,"STARD7","Not Significant"
0.00539937127447485,0.409816781684919,0.265,0.235,1,"TMEM170A","Not Significant"
0.00540462061125204,0.262258606912726,0.119,0.095,1,"BRWD3","Not Significant"
0.0054556783881866,0.309814473925393,0.228,0.198,1,"ACOX1","Not Significant"
0.0054901116290552,-0.427963534812287,0.151,0.178,1,"USB1","Not Significant"
0.00551838575080983,0.313326389491898,0.24,0.209,1,"NGDN","Not Significant"
0.00552087096443306,-0.297517715736016,0.1,0.124,1,"MIA","Not Significant"
0.0055389503899439,-0.250545272470441,0.09,0.112,1,"TTLL5","Not Significant"
0.00559689175564211,0.304459628020922,0.174,0.147,1,"DCAF12","Not Significant"
0.00560545152746112,0.280343958441545,0.186,0.157,1,"VAV2","Not Significant"
0.00563612460513554,0.479082165188124,0.227,0.198,1,"TRAF5","Not Significant"
0.00574578025818053,-0.263408943508581,0.136,0.161,1,"UGGT2","Not Significant"
0.00577910960502337,0.475876231065114,0.141,0.116,1,"GABRE","Not Significant"
0.00578409072919539,0.274317371808716,0.232,0.201,1,"OGDH","Not Significant"
0.0057916573438937,-0.41206688636825,0.217,0.245,1,"ARFGAP1","Not Significant"
0.0059211537104058,0.327628759858107,0.102,0.08,1,"PVT1","Not Significant"
0.00592556849274543,0.286544506012738,0.29,0.259,1,"GUCD1","Not Significant"
0.00604452773700913,0.27430627764477,0.222,0.192,1,"CC2D1A","Not Significant"
0.00624843463663827,-0.37489068948633,0.079,0.1,1,"HMOX1","Not Significant"
0.00624883381474161,-0.360016650419925,0.132,0.157,1,"ITSN1","Not Significant"
0.00625215024067142,0.492801043473656,0.13,0.106,1,"SLC5A6","Not Significant"
0.00638220571352254,0.432978377605188,0.144,0.119,1,"RAB11FIP4","Not Significant"
0.00638251057814697,0.284814943972024,0.109,0.086,1,"TTC39A","Not Significant"
0.00639752174314234,-0.280662497520222,0.141,0.166,1,"C5orf28","Not Significant"
0.00641688217094485,0.325696995643642,0.244,0.214,1,"NSMCE4A","Not Significant"
0.00643284650985866,-0.265482812015597,0.151,0.178,1,"B3GNT2","Not Significant"
0.00646865322166351,-0.291755861670333,0.127,0.152,1,"C1RL","Not Significant"
0.00650794002414843,-0.250444934165324,0.159,0.185,1,"AGAP3","Not Significant"
0.00653273940117621,-0.326886075453554,0.137,0.163,1,"GPR180","Not Significant"
0.00653995428239339,0.310183987779813,0.216,0.187,1,"PSMD5-AS1","Not Significant"
0.00654802354371745,0.423149256288126,0.245,0.218,1,"TDP2","Not Significant"
0.00659026595794665,-0.537316295912014,0.088,0.109,1,"ANO10","Not Significant"
0.00667470489751685,0.484097550006752,0.12,0.097,1,"NUP210","Not Significant"
0.00670439263980997,0.437456846338559,0.173,0.147,1,"FAM111A","Not Significant"
0.00671524649799201,0.28180755604577,0.166,0.139,1,"RALGAPB","Not Significant"
0.00673425712023548,0.315663114945596,0.117,0.095,1,"CCDC68","Not Significant"
0.00679041275027644,0.340766417195855,0.192,0.163,1,"DNAJA3","Not Significant"
0.00680649504618558,-0.294101433784704,0.156,0.182,1,"SLC6A6","Not Significant"
0.00681378616415764,-0.33409618806403,0.116,0.139,1,"CDR2","Not Significant"
0.0068634969787611,0.362191183637425,0.131,0.106,1,"DNAJC12","Not Significant"
0.00687194415891665,0.293804656239091,0.197,0.169,1,"CXorf38","Not Significant"
0.00703096426598411,-0.298249310419541,0.101,0.123,1,"EPN2","Not Significant"
0.00703793826509261,0.306147374845454,0.166,0.14,1,"CLDN15","Not Significant"
0.00711603001757376,0.326707353066179,0.339,0.315,1,"CLINT1","Not Significant"
0.00712302078457199,-0.333709100396106,0.081,0.101,1,"TTC33","Not Significant"
0.00713941126041535,-0.266610931978851,0.107,0.13,1,"MTR","Not Significant"
0.00722880017154917,0.465052399852454,0.147,0.122,1,"LAS1L","Not Significant"
0.00726354603737553,0.397435832264602,0.137,0.113,1,"WWC1","Not Significant"
0.00731046350805971,0.485008504162023,0.129,0.105,1,"SH3BP1","Not Significant"
0.00732148945123143,0.276290549504919,0.18,0.152,1,"PTK2B","Not Significant"
0.00736689875459504,0.313893505058501,0.339,0.313,1,"NTHL1","Not Significant"
0.00741833304452843,0.303113933911513,0.125,0.101,1,"AMMECR1","Not Significant"
0.00750564342983351,-0.360456928657929,0.202,0.226,1,"MCUR1","Not Significant"
0.00758340633379818,-0.260085351391605,0.126,0.148,1,"KCTD9","Not Significant"
0.00758370062878415,-0.495341177318268,0.095,0.117,1,"PIAS3","Not Significant"
0.00767079223368628,0.288435097611336,0.42,0.395,1,"TRIM56","Not Significant"
0.00767455874773326,0.46975277202117,0.107,0.086,1,"KYNU","Not Significant"
0.0076859098216877,0.539902289789599,0.31,0.289,1,"GCNT3","Not Significant"
0.00773570126387329,-0.364195803597454,0.172,0.198,1,"NBN","Not Significant"
0.00791239627066417,0.259865149671554,0.12,0.097,1,"PRRG2","Not Significant"
0.00792283458739556,-0.367782997930096,0.174,0.2,1,"CBX6","Not Significant"
0.00804690372997694,-0.278040799179015,0.096,0.118,1,"RRP36","Not Significant"
0.0081490325823739,0.25529917220417,0.188,0.16,1,"AIFM1","Not Significant"
0.00828968450471139,0.270441392408745,0.128,0.103,1,"LENG9","Not Significant"
0.00837663684238726,-0.282424849103078,0.196,0.223,1,"TNS3","Not Significant"
0.00842326989164096,0.278018900015834,0.262,0.234,1,"RHOF","Not Significant"
0.00842938916505576,-0.420212078768582,0.127,0.15,1,"AIFM2","Not Significant"
0.0084764887513179,-0.344048408785656,0.162,0.188,1,"NOMO1","Not Significant"
0.00860887658823869,-0.388876182351356,0.096,0.118,1,"MTURN","Not Significant"
0.0086785285973712,-0.364867764741034,0.089,0.11,1,"RAB11B-AS1","Not Significant"
0.0087500257217271,-0.270126906264311,0.293,0.325,1,"NF1","Not Significant"
0.00878404195609287,0.498700330502373,0.113,0.091,1,"RP11-138A9.1","Not Significant"
0.00882371331046099,0.354519672604496,0.149,0.125,1,"RPUSD1","Not Significant"
0.00883064155843192,0.434470705501544,0.166,0.14,1,"RPRD1B","Not Significant"
0.00893775794739915,0.261702636156904,0.411,0.396,1,"GOLM1","Not Significant"
0.00897944649827993,0.447043799485348,0.131,0.108,1,"TCF7","Not Significant"
0.00902119808030697,-0.278840224529711,0.093,0.114,1,"MAML1","Not Significant"
0.0090583065000843,-0.260710350275491,0.285,0.316,1,"B4GALT1","Not Significant"
0.00918523012887971,0.306914953398952,0.358,0.339,1,"MTRNR2L8","Not Significant"
0.00919942868670666,-0.335917971042746,0.11,0.133,1,"MIR22HG","Not Significant"
0.00920045863755864,-0.288704372370405,0.083,0.104,1,"CBL","Not Significant"
0.0092950303786316,0.50043664641975,0.158,0.135,1,"LYSMD2","Not Significant"
0.00930922779967193,-0.26188729808228,0.09,0.112,1,"SCAPER","Not Significant"
0.00948249971719627,-0.316449211198761,0.171,0.196,1,"SEMA3C","Not Significant"
0.00977719435434818,0.284781691216009,0.255,0.228,1,"SYTL1","Not Significant"
0.00978352339442203,0.318189437269454,0.204,0.177,1,"PAPD4","Not Significant"
0.00980777553665301,0.371149001064481,0.144,0.119,1,"FAM222B","Not Significant"
0.00986541085654658,0.345198086267398,0.124,0.101,1,"TMEM187","Not Significant"
0.00987576213747879,-0.355488294653937,0.094,0.114,1,"NUDCD1","Not Significant"
0.00992434165197516,0.317026044714669,0.175,0.151,1,"MYLIP","Not Significant"
0.00995043655135069,0.265253976404705,0.2,0.172,1,"PSD4","Not Significant"
0.00995644853319936,0.262954295041521,0.212,0.184,1,"ZNF91","Not Significant"
0.0100083932150714,-0.300078533240721,0.091,0.112,1,"MTHFD1L","Not Significant"
0.0101172986095665,0.510126311490556,0.138,0.116,1,"MCM5","Not Significant"
0.0102081419237233,0.399771938525749,0.237,0.21,1,"GCA","Not Significant"
0.0105043187737753,-0.339530443347312,0.084,0.104,1,"DUSP10","Not Significant"
0.0105742187285597,0.280102460660069,0.202,0.173,1,"ATP13A2","Not Significant"
0.0106979185525073,0.425252521389879,0.101,0.081,1,"PGAM5","Not Significant"
0.0107139262483434,0.60257393230216,0.102,0.082,1,"RNMTL1","Not Significant"
0.0107762338985557,0.269571598669367,0.287,0.261,1,"LBR","Not Significant"
0.0109916461006799,0.266822888468836,0.201,0.174,1,"STK39","Not Significant"
0.0111231610900593,0.253357727193218,0.647,0.702,1,"CD9","Not Significant"
0.011161493811817,0.517044936822826,0.333,0.318,1,"STK17A","Not Significant"
0.0112944297441743,0.365581268595436,0.111,0.09,1,"ARHGEF5","Not Significant"
0.0115782713012156,0.318830198130027,0.236,0.209,1,"AFTPH","Not Significant"
0.0115916915224766,0.33087183375853,0.194,0.169,1,"MYD88","Not Significant"
0.0116228151273109,0.6816931947968,0.156,0.137,1,"ITGB2","Not Significant"
0.0116245984970173,0.294259358953487,0.113,0.092,1,"AC009403.2","Not Significant"
0.011838514910027,-0.270903350001538,0.117,0.139,1,"QSER1","Not Significant"
0.0120107050110385,0.250829797834212,0.209,0.181,1,"EGLN1","Not Significant"
0.0121340303127397,-0.442839595559673,0.087,0.106,1,"CTD-3138B18.5","Not Significant"
0.0121412919781407,0.264817842282167,0.217,0.189,1,"RNF44","Not Significant"
0.0123310174512963,-0.477543054089621,0.118,0.138,1,"RSPH3","Not Significant"
0.0125186963238495,-0.324395531049432,0.092,0.113,1,"CDR2L","Not Significant"
0.0126557116397944,0.291796278834199,0.168,0.143,1,"PARD6B","Not Significant"
0.0128333517639014,-0.250935809835402,0.173,0.199,1,"MLLT10","Not Significant"
0.0128398276988703,-0.857254908428077,0.154,0.176,1,"CEMIP","Not Significant"
0.0128632464268718,0.353160254226224,0.166,0.141,1,"SFI1","Not Significant"
0.0129709082038211,0.388095232787872,0.116,0.095,1,"PM20D2","Not Significant"
0.0129938915758721,-0.290146956069303,0.099,0.12,1,"GNB1L","Not Significant"
0.013204291773352,0.335626628995344,0.264,0.237,1,"CBWD1","Not Significant"
0.0133918135272269,-0.325512344292045,0.115,0.137,1,"ALDH6A1","Not Significant"
0.0133983803693957,-0.281712500008419,0.148,0.171,1,"TCTEX1D2","Not Significant"
0.0135282743045994,0.392434395878663,0.119,0.099,1,"AKNA","Not Significant"
0.0135669309381682,-0.351518086731668,0.14,0.163,1,"KIFAP3","Not Significant"
0.0136436237456832,-0.400453548140504,0.092,0.112,1,"CLCC1","Not Significant"
0.0136544102946741,0.305922033465594,0.151,0.127,1,"ZC3H4","Not Significant"
0.0136856914391504,0.252364663927029,0.106,0.086,1,"C5orf30","Not Significant"
0.0137718141137617,0.34111705277261,0.113,0.092,1,"EPB41L5","Not Significant"
0.0140054555320397,-0.262387834628232,0.174,0.198,1,"KLF10","Not Significant"
0.0141137069664658,-0.294881861239835,0.093,0.113,1,"SMIM8","Not Significant"
0.0141162778108265,0.29521299932882,0.226,0.2,1,"ABHD3","Not Significant"
0.0142153405205262,-0.306968542713026,0.106,0.127,1,"C12orf43","Not Significant"
0.0143362872197167,0.34470761879687,0.149,0.125,1,"INPP4B","Not Significant"
0.014353397377031,0.58639041123915,0.119,0.1,1,"ANKRD44","Not Significant"
0.0144643672315879,0.391258867444771,0.108,0.088,1,"CNNM4","Not Significant"
0.0150278030030697,-0.298843383413717,0.14,0.163,1,"UBAP1","Not Significant"
0.0151157009929375,0.297757378230979,0.155,0.131,1,"TCF20","Not Significant"
0.0151712926941865,-0.511993119227024,0.083,0.101,1,"FAM160B1","Not Significant"
0.0152843530132552,-0.280238365078397,0.085,0.103,1,"APBA3","Not Significant"
0.0153497177231271,-0.317622129502535,0.155,0.18,1,"CYP27A1","Not Significant"
0.0153598130620189,0.333603147109236,0.129,0.108,1,"IL1RN","Not Significant"
0.0155749740237757,-0.307754084348016,0.173,0.197,1,"SCAMP1","Not Significant"
0.0156009797671964,-0.279183301351271,0.211,0.235,1,"PNPLA4","Not Significant"
0.0158263680492738,0.286647059891469,0.19,0.166,1,"SMPDL3A","Not Significant"
0.0158394132392696,0.34785221224209,0.403,0.389,1,"MBOAT7","Not Significant"
0.0158853250084779,0.482526908048932,0.18,0.16,1,"IFI44","Not Significant"
0.0159755202164499,0.29706544057189,0.168,0.145,1,"FZR1","Not Significant"
0.0162047748096565,-0.400793625125937,0.104,0.124,1,"METTL2A","Not Significant"
0.0165842714208177,0.385671183356674,0.149,0.127,1,"B3GNT5","Not Significant"
0.0166667814868991,0.257055790535034,0.183,0.157,1,"KDM6B","Not Significant"
0.0170587156174037,-0.911109584888621,0.126,0.144,1,"DPEP1","Not Significant"
0.0173593717730278,-0.408560844098395,0.108,0.128,1,"HECTD3","Not Significant"
0.0174193401049892,-0.289640769611692,0.094,0.113,1,"FBXL4","Not Significant"
0.017552333091663,-0.256547071750141,0.126,0.148,1,"MBD6","Not Significant"
0.017689799260943,-0.273590940385237,0.123,0.144,1,"NME7","Not Significant"
0.0179132184572198,0.262015730174824,0.117,0.096,1,"DMTN","Not Significant"
0.0182995079908668,-0.340664536968487,0.186,0.208,1,"TBL2","Not Significant"
0.0184685286765941,0.356143905140696,0.1,0.081,1,"IGSF3","Not Significant"
0.0186967742849332,-0.302699868266148,0.129,0.15,1,"RITA1","Not Significant"
0.0188196531965491,-0.416879942914581,0.151,0.173,1,"H6PD","Not Significant"
0.0189744539528311,0.340731153799941,0.132,0.111,1,"PSORS1C1","Not Significant"
0.0190751591987638,0.288141368530999,0.181,0.158,1,"WDR24","Not Significant"
0.0190902082631994,0.278950807609874,0.155,0.132,1,"FAM122B","Not Significant"
0.0191333681286054,0.452656250938349,0.119,0.099,1,"ATF7IP2","Not Significant"
0.0191621700855756,0.270370556925864,0.141,0.12,1,"USP54","Not Significant"
0.0191716566734273,-0.345871514189546,0.106,0.126,1,"QPRT","Not Significant"
0.0192194581646611,-0.476171622797215,0.106,0.125,1,"HES6","Not Significant"
0.0192862879382215,0.313202117113917,0.274,0.248,1,"SMARCC1","Not Significant"
0.0194628971806241,0.28527171280602,0.201,0.177,1,"DPP3","Not Significant"
0.0196269427455109,0.252882886616546,0.225,0.258,1,"APOL1","Not Significant"
0.0196751799043978,-0.28982403766565,0.089,0.108,1,"PGS1","Not Significant"
0.0196918102813429,0.457189801973967,0.133,0.112,1,"STK40","Not Significant"
0.0200206914359863,0.266233380607386,0.506,0.511,1,"FDPS","Not Significant"
0.0200225390484095,-0.252555400809087,0.083,0.102,1,"ST7L","Not Significant"
0.0203973859369812,0.564809335596178,0.185,0.161,1,"HMCES","Not Significant"
0.0207803337403212,0.309437961134812,0.382,0.367,1,"IFI35","Not Significant"
0.0209218796434201,0.50023231043051,0.168,0.146,1,"FLOT2","Not Significant"
0.021074454295499,0.430628101777075,0.177,0.154,1,"RP9","Not Significant"
0.0212318488874515,0.477835947467011,0.146,0.125,1,"CCDC22","Not Significant"
0.021370186074738,0.38404509296313,0.126,0.106,1,"POU2F1","Not Significant"
0.0215817045713609,-0.334116273199896,0.189,0.213,1,"TMEM41A","Not Significant"
0.0215991306842949,-0.290736150389025,0.116,0.135,1,"VAC14","Not Significant"
0.0217178733578638,0.321979414426195,0.432,0.423,1,"COTL1","Not Significant"
0.0221759624805485,-0.321765576340185,0.108,0.127,1,"PRDM1","Not Significant"
0.0224829489108292,0.371851461241596,0.117,0.098,1,"FGFBP1","Not Significant"
0.0225621915296464,0.276049671107575,0.284,0.258,1,"NSUN5","Not Significant"
0.0225816933992184,0.498855811181651,0.107,0.089,1,"CRLF3","Not Significant"
0.0226742579909094,-0.263934952426458,0.118,0.139,1,"LRIG1","Not Significant"
0.02275686147467,0.337985729665716,0.205,0.18,1,"RPRD1A","Not Significant"
0.0228145026714406,0.286079217010633,0.103,0.084,1,"GIMAP2","Not Significant"
0.0229698602071849,-0.580671569335079,0.347,0.365,1,"NAMPT","Not Significant"
0.0233868233316955,-0.308807352504761,0.204,0.225,1,"EIF2AK4","Not Significant"
0.0237826275758845,-0.256215274225231,0.116,0.136,1,"ABCG1","Not Significant"
0.0241157638107299,0.356113172764398,0.199,0.178,1,"MX2","Not Significant"
0.0242160573130617,-0.283190470013658,0.085,0.103,1,"NDUFAF7","Not Significant"
0.0243546760950981,0.270048233054569,0.156,0.134,1,"TMEM139","Not Significant"
0.0243601193569147,0.258761337415632,0.404,0.385,1,"POLD4","Not Significant"
0.0246676163578287,-0.514158117016599,0.103,0.12,1,"TPD52L1","Not Significant"
0.0248883517824166,0.305556337997938,0.217,0.193,1,"QPCT","Not Significant"
0.0253463638359612,0.293131648589345,0.195,0.171,1,"XAB2","Not Significant"
0.0253555016925354,-0.261531098659825,0.183,0.206,1,"TCEAL1","Not Significant"
0.0260281227770187,0.418870694942675,0.146,0.126,1,"FBXO28","Not Significant"
0.0261130010119521,0.29333541316725,0.27,0.25,1,"NHSL2","Not Significant"
0.0262733307502831,-0.428417734691231,0.098,0.116,1,"NADK2","Not Significant"
0.0264199048301021,0.328615703946585,0.26,0.236,1,"CASP7","Not Significant"
0.0265364216671698,-0.289917576998714,0.231,0.253,1,"SRP68","Not Significant"
0.0265697393639585,0.568819690225078,0.106,0.089,1,"RPS6KA5","Not Significant"
0.0268049643725402,-0.30327637460197,0.087,0.105,1,"C9orf9","Not Significant"
0.0268749917043611,0.259228077681448,0.104,0.086,1,"SLC7A5","Not Significant"
0.0271228278274055,0.309701684754199,0.238,0.214,1,"ADPGK","Not Significant"
0.0271235514707647,0.348472291956562,0.24,0.216,1,"RPS6KA1","Not Significant"
0.0277963254368541,-0.590284252350307,0.093,0.11,1,"IQCK","Not Significant"
0.0281075971205151,0.298995082617408,0.295,0.271,1,"IRF2","Not Significant"
0.0283286991451925,0.270107330032995,0.261,0.235,1,"ADRBK1","Not Significant"
0.02835218598411,-0.339486948389149,0.183,0.205,1,"S100A2","Not Significant"
0.0284948367838023,0.392083883889065,0.132,0.112,1,"GRK6","Not Significant"
0.0296086338401638,0.467080414066442,0.128,0.109,1,"SAMD9L","Not Significant"
0.0296144697293126,0.309111991538965,0.16,0.139,1,"CBFA2T2","Not Significant"
0.0296465363700787,0.390174610823045,0.191,0.17,1,"MRPL46","Not Significant"
0.0298848896138902,0.263773447484939,0.145,0.124,1,"ECT2","Not Significant"
0.0301341653210908,0.304647495429148,0.195,0.172,1,"TGDS","Not Significant"
0.0302102352591402,0.496283023168289,0.118,0.101,1,"CDKN2D","Not Significant"
0.0309583494408466,0.40022495105676,0.198,0.179,1,"PPM1K","Not Significant"
0.0311247561348758,-0.335335175416076,0.138,0.158,1,"SMG9","Not Significant"
0.0319902300624261,0.399215768645935,0.126,0.107,1,"ZNF766","Not Significant"
0.0320842197087377,-0.331980687969395,0.1,0.118,1,"ELL2","Not Significant"
0.0325238309979459,0.274501943167345,0.163,0.142,1,"KLF16","Not Significant"
0.0331964804883121,-0.252943528173622,0.174,0.196,1,"FAM120AOS","Not Significant"
0.033355252861351,0.366826903340901,0.111,0.093,1,"SESN1","Not Significant"
0.0336188080721998,0.370690512655324,0.518,0.507,1,"SMIM14","Not Significant"
0.0337126941206698,-0.27552238301864,0.124,0.142,1,"MLLT1","Not Significant"
0.0346817713953585,-0.291854734038648,0.139,0.158,1,"PRR5L","Not Significant"
0.0349357842637584,-0.280461751279835,0.099,0.116,1,"ARPIN","Not Significant"
0.035152004336404,-0.254460512304738,0.123,0.143,1,"TCN2","Not Significant"
0.0354000415097326,0.292340575063103,0.215,0.195,1,"GOT1","Not Significant"
0.036170798297131,0.344006569436258,0.111,0.093,1,"C20orf196","Not Significant"
0.0363788854252445,0.318264188497047,0.212,0.189,1,"BAG5","Not Significant"
0.0365273563931029,0.348307962156609,0.153,0.134,1,"PRKX","Not Significant"
0.0367477829325207,0.26552610650117,0.146,0.126,1,"RTP4","Not Significant"
0.0370425892578933,0.512779458195791,0.216,0.198,1,"PIK3IP1","Not Significant"
0.0371928198262205,-0.310964530513101,0.22,0.24,1,"PRKCI","Not Significant"
0.037267719241732,0.282137015819704,0.279,0.257,1,"KIAA1551","Not Significant"
0.0373300014672601,0.387916069866816,0.143,0.124,1,"RAPGEF1","Not Significant"
0.0374510122020749,0.472912635493676,0.268,0.249,1,"ZNF791","Not Significant"
0.0377986828967986,-0.802693875501663,0.319,0.333,1,"SERPINE2","Not Significant"
0.0378063174529123,0.305474479124806,0.245,0.224,1,"THOP1","Not Significant"
0.0382110460270024,0.495154645016779,0.115,0.099,1,"HIST2H2BE","Not Significant"
0.0385925810812806,0.388840180583474,0.108,0.092,1,"REXO1","Not Significant"
0.0386476662485202,0.270694309295886,0.216,0.193,1,"AP1B1","Not Significant"
0.0392550344131746,0.337962592704785,0.183,0.162,1,"CNOT6L","Not Significant"
0.0398749572388946,0.384273185691148,0.103,0.086,1,"FBXO31","Not Significant"
0.0399367811937622,-0.369237321521368,0.101,0.118,1,"HEATR5A","Not Significant"
0.0401113207571127,0.307498254917798,0.107,0.09,1,"SCYL3","Not Significant"
0.0402534237961958,0.297185350793908,0.142,0.122,1,"KIAA0196","Not Significant"
0.0406847128205273,-0.40072933482848,0.149,0.166,1,"ACSL4","Not Significant"
0.04077225663854,-0.397876038688287,0.114,0.131,1,"BTBD1","Not Significant"
0.0411462533047687,-0.253210273884774,0.245,0.266,1,"GAS6","Not Significant"
0.0414628691204756,0.37415628232855,0.182,0.162,1,"GTPBP1","Not Significant"
0.0419158155470593,0.400136909310592,0.141,0.122,1,"POM121C","Not Significant"
0.0419516495964138,-0.350513127629437,0.119,0.136,1,"CLUAP1","Not Significant"
0.0420714177850027,-1.08179715911271,0.09,0.105,1,"TNFRSF11B","Not Significant"
0.0421101249889598,-0.318394455152931,0.117,0.134,1,"CCDC84","Not Significant"
0.0422999634007228,0.501613816595566,0.107,0.091,1,"DBF4","Not Significant"
0.0427515625711556,0.298636782236674,0.172,0.152,1,"PRPSAP2","Not Significant"
0.0436685766755361,0.28672152265912,0.101,0.084,1,"CYP2J2","Not Significant"
0.0438535098607512,0.417746548450067,0.122,0.105,1,"ALG1L","Not Significant"
0.0448383654811222,0.297699095669978,0.124,0.106,1,"UBXN2B","Not Significant"
0.0451142410520018,0.329106894084377,0.128,0.11,1,"MARCH9","Not Significant"
0.0459086355391585,0.348336387523187,0.198,0.178,1,"MTMR14","Not Significant"
0.0459141279662647,-0.289617721757276,0.154,0.174,1,"AAAS","Not Significant"
0.0465600053862524,0.357356017275793,0.107,0.09,1,"GPR89A","Not Significant"
0.0473492866130909,0.413651984669213,0.16,0.143,1,"RP11-347P5.1","Not Significant"
0.0476219738795533,-0.274583520283104,0.115,0.132,1,"RFNG","Not Significant"
0.0480069882159609,-0.277437438020006,0.15,0.167,1,"TAF13","Not Significant"
0.0480476534735495,-0.294649589417994,0.135,0.153,1,"PIAS2","Not Significant"
0.0481238890950428,-0.281058292489982,0.156,0.176,1,"CCDC127","Not Significant"
0.0487045416755032,-0.293230428955105,0.123,0.141,1,"EED","Not Significant"
0.0487427159009742,-0.315635458072573,0.265,0.284,1,"UBA6","Not Significant"
0.0495358247829636,-0.269402691086155,0.103,0.119,1,"STRIP1","Not Significant"
0.0498644947291189,0.320000197957287,0.193,0.172,1,"MCU","Not Significant"
0.049993815897035,-0.281919975651788,0.206,0.224,1,"SFTA2","Not Significant"
0.0503105713581956,-0.325102839400879,0.12,0.137,1,"FGGY","Not Significant"
0.0510343124301055,0.374384192428022,0.12,0.103,1,"TRIM26","Not Significant"
0.0511708099150328,0.418819831656959,0.132,0.115,1,"MTMR4","Not Significant"
0.0511930888514709,0.262166500595064,0.409,0.397,1,"ERO1A","Not Significant"
0.0512659747779983,0.30326299627388,0.154,0.135,1,"SIAH2","Not Significant"
0.0519222524347018,0.270782598594667,0.382,0.369,1,"GID8","Not Significant"
0.0524965707870724,0.329994506497502,0.102,0.087,1,"NDC1","Not Significant"
0.0527851515529883,0.3315993946156,0.207,0.189,1,"ACAT2","Not Significant"
0.0528960012706507,0.388786384217934,0.131,0.115,1,"USP18","Not Significant"
0.0546247475224722,0.291171218638786,0.133,0.115,1,"YARS2","Not Significant"
0.0547477896760902,-0.255053796325856,0.159,0.175,1,"TOPORS","Not Significant"
0.0566979013910423,0.363083962580877,0.244,0.226,1,"RB1","Not Significant"
0.057863727051628,-0.250627561971112,0.236,0.255,1,"VPS72","Not Significant"
0.0578964474131028,0.290093084574687,0.152,0.134,1,"ZNF224","Not Significant"
0.0579019564465959,0.259281757584783,0.162,0.143,1,"VPS53","Not Significant"
0.0579176789753806,-0.36511265747274,0.122,0.138,1,"SH3BP4","Not Significant"
0.0583566338189803,0.354481159252329,0.304,0.291,1,"SQLE","Not Significant"
0.0584832540839089,0.283883783822738,0.172,0.153,1,"KDM4B","Not Significant"
0.0591547070361162,0.32504549073668,0.137,0.119,1,"ZNF395","Not Significant"
0.0591671201998512,-0.251729765886861,0.126,0.143,1,"DUSP12","Not Significant"
0.0597389302085116,0.331903320526675,0.169,0.153,1,"GJB3","Not Significant"
0.0599293974915884,0.295153207279035,0.17,0.151,1,"SNRNP48","Not Significant"
0.0602078476800349,-0.283740383733101,0.138,0.154,1,"PPP4R1","Not Significant"
0.0602125011399036,0.458485736730805,0.25,0.235,1,"GGA2","Not Significant"
0.0609284483421246,0.268990827458646,0.106,0.091,1,"SGK223","Not Significant"
0.061029935987228,0.262128617456469,0.106,0.091,1,"ZNF160","Not Significant"
0.0610947889419997,0.291757235528654,0.168,0.151,1,"SP140L","Not Significant"
0.061357349620347,0.306969686089787,0.145,0.127,1,"RPAP3","Not Significant"
0.0614100523626733,-1.20400336351399,0.262,0.282,1,"CXCL1","Not Significant"
0.0620420324848821,0.266302154263097,0.426,0.41,1,"DRAM2","Not Significant"
0.0620977369934501,0.275829252250115,0.212,0.191,1,"CBR4","Not Significant"
0.0621312410126482,0.288848925208613,0.1,0.085,1,"LRR1","Not Significant"
0.0625215184931788,-0.259808174356638,0.124,0.139,1,"LRRC23","Not Significant"
0.0636981152790044,0.293045481650018,0.392,0.379,1,"RIOK3","Not Significant"
0.0641295303687804,0.357087401109023,0.235,0.219,1,"HIST1H1C","Not Significant"
0.0646710942529527,-0.320093661460335,0.121,0.136,1,"LIMCH1","Not Significant"
0.0648852740860914,0.41005473061042,0.117,0.101,1,"ADCK2","Not Significant"
0.0653744397667231,-0.391053108235366,0.089,0.103,1,"DNMT3A","Not Significant"
0.0655292834461266,0.355349959999558,0.223,0.207,1,"SAMD9","Not Significant"
0.0666792666462129,0.257903169463863,0.122,0.106,1,"QTRTD1","Not Significant"
0.0673327466393134,0.421178698045725,0.108,0.095,1,"IL16","Not Significant"
0.0674950059340433,-0.415414652317578,0.245,0.273,1,"MMP1","Not Significant"
0.0675573380802194,0.266995609999308,0.166,0.146,1,"GNA13","Not Significant"
0.0676055670103816,0.301090566895653,0.114,0.098,1,"KDF1","Not Significant"
0.0690105138347116,0.357239450296325,0.15,0.134,1,"OAS2","Not Significant"
0.0693654094237973,-0.294758546882576,0.112,0.127,1,"FASTKD2","Not Significant"
0.0695758700006245,0.752166081114066,0.114,0.101,1,"ANXA2R","Not Significant"
0.070658361815451,-0.327255523848561,0.09,0.105,1,"FHIT","Not Significant"
0.0723133368342101,0.355134679609722,0.197,0.179,1,"TCF3","Not Significant"
0.0735831978322964,0.256585295904119,0.338,0.321,1,"TPPP3","Not Significant"
0.0741834186248963,0.259740104134776,0.137,0.121,1,"ADCK3","Not Significant"
0.0743282680507247,-0.252191066719929,0.093,0.107,1,"CDC23","Not Significant"
0.0746429808982661,0.382998086464669,0.11,0.095,1,"LEMD2","Not Significant"
0.0747548797479589,-0.40887762172557,0.12,0.134,1,"ALAD","Not Significant"
0.0762990072368302,0.382781217273441,0.123,0.107,1,"FEM1A","Not Significant"
0.0764996353361634,0.274479788532699,0.171,0.154,1,"C9orf69","Not Significant"
0.0765308621302936,-0.341750367113915,0.142,0.158,1,"FOXP4","Not Significant"
0.0766951724992937,-0.250282413651897,0.118,0.134,1,"BMP7","Not Significant"
0.0770522619482479,-0.282853277537384,0.128,0.144,1,"CCDC71L","Not Significant"
0.0784041921848594,-0.269528998812705,0.132,0.147,1,"PAK1IP1","Not Significant"
0.0789663505789152,0.358849949246102,0.126,0.11,1,"MIOS","Not Significant"
0.0799899778313753,0.269931775839317,0.293,0.276,1,"ISCA2","Not Significant"
0.0806052490823591,0.274579344222157,0.37,0.354,1,"BAZ1A","Not Significant"
0.0810749038097704,-0.253174996063121,0.131,0.147,1,"AGL","Not Significant"
0.0812403678640754,0.473664955863477,0.169,0.153,1,"FAM53C","Not Significant"
0.0812981700224193,0.266379362400138,0.21,0.193,1,"KIAA0319L","Not Significant"
0.0823464794413037,0.256585684057497,0.199,0.18,1,"UPF1","Not Significant"
0.0831029502837298,0.382894966216762,0.15,0.134,1,"NAAA","Not Significant"
0.0861942996349116,0.285385021872139,0.152,0.136,1,"TRAPPC2","Not Significant"
0.086912347616089,0.273883946584731,0.114,0.099,1,"FAM102B","Not Significant"
0.0871108535086019,0.265738526460856,0.218,0.2,1,"LRCH4","Not Significant"
0.0875597971752425,0.493429516533113,0.571,0.582,1,"ISG15","Not Significant"
0.0878866024558365,0.370080596160157,0.328,0.314,1,"HMGB2","Not Significant"
0.0881165645651619,0.258142880168933,0.41,0.398,1,"CTSH","Not Significant"
0.0883521437518998,-0.261999501096779,0.258,0.276,1,"STT3A","Not Significant"
0.0898559581440125,-0.271148929137461,0.09,0.103,1,"ZBTB11","Not Significant"
0.0902486452429049,0.252737417055107,0.154,0.137,1,"DNAJC22","Not Significant"
0.0912202320075961,0.266713878374548,0.188,0.171,1,"TMEM53","Not Significant"
0.0932069086686599,0.530271323141268,0.119,0.105,1,"USP6NL","Not Significant"
0.0942054638046905,0.276167965956986,0.145,0.13,1,"ING1","Not Significant"
0.0965044514496887,-0.313266008188859,0.153,0.167,1,"PAPSS2","Not Significant"
0.0968399879856807,-0.261612772368244,0.253,0.267,1,"FNIP2","Not Significant"
0.0971824839665439,-0.316889173804564,0.161,0.174,1,"ACO1","Not Significant"
0.101606920509037,-0.266163299909342,0.157,0.172,1,"REEP4","Not Significant"
0.102795551213243,-0.268161274189113,0.087,0.1,1,"TIMM21","Not Significant"
0.103722306306593,0.370009917506946,0.22,0.207,1,"CSK","Not Significant"
0.1044926905816,0.307398392262806,0.218,0.202,1,"RAB3GAP2","Not Significant"
0.106197828279577,0.346471533975432,0.159,0.143,1,"RNASE4","Not Significant"
0.107436755732344,-0.280412011256146,0.211,0.224,1,"KIF1C","Not Significant"
0.10845450536886,0.3875750460172,0.208,0.195,1,"ERAP2","Not Significant"
0.108595335963653,-0.317819019121002,0.107,0.12,1,"CCDC117","Not Significant"
0.108617873779542,0.421268530881779,0.293,0.286,1,"STK17B","Not Significant"
0.109136076592349,-0.268957157575807,0.124,0.138,1,"SOS1","Not Significant"
0.109540143794343,0.368258805548576,0.138,0.124,1,"ZNF430","Not Significant"
0.111443801828733,-0.263686944920178,0.132,0.146,1,"FBXL12","Not Significant"
0.111706891860098,-0.333340874373175,0.092,0.104,1,"UTP20","Not Significant"
0.112900565051774,0.360495240255638,0.278,0.265,1,"PHF3","Not Significant"
0.113078498985827,-0.259087244030187,0.217,0.232,1,"WARS","Not Significant"
0.114891205348724,-0.25606462896737,0.148,0.161,1,"BTBD10","Not Significant"
0.114926734320983,0.259333300411505,0.2,0.183,1,"TCOF1","Not Significant"
0.115536988180234,0.272328098077639,0.194,0.177,1,"POLM","Not Significant"
0.121459611685544,-0.660860821729987,0.144,0.155,1,"C8orf4","Not Significant"
0.122340524213435,0.347979931753102,0.336,0.321,1,"SNX2","Not Significant"
0.125780535958943,0.263793044884957,0.109,0.096,1,"PDE8A","Not Significant"
0.127480006036424,-0.37712812146666,0.099,0.111,1,"SORT1","Not Significant"
0.13261885110267,0.348570751974864,0.166,0.152,1,"DNAJC17","Not Significant"
0.132844067620308,-0.307609320509953,0.177,0.189,1,"ALDH1B1","Not Significant"
0.13481384530707,-0.451859064657994,0.124,0.136,1,"STXBP1","Not Significant"
0.135177084928339,0.343170748574645,0.186,0.174,1,"BCAS4","Not Significant"
0.137267172470698,-0.458215433969615,0.129,0.141,1,"CA12","Not Significant"
0.137306358885087,0.264917245289581,0.25,0.232,1,"SLC5A3","Not Significant"
0.137894125136077,0.392674211639545,0.122,0.108,1,"DGKD","Not Significant"
0.138425711145275,0.251629679869037,0.141,0.128,1,"RNF219","Not Significant"
0.138607945617578,-0.296028517275694,0.092,0.103,1,"COX6B2","Not Significant"
0.139340214387561,0.370457932615792,0.122,0.11,1,"SLC37A4","Not Significant"
0.141106871401498,0.55888026417508,0.189,0.183,1,"SEPT6","Not Significant"
0.141145970692216,-0.704177861501091,0.094,0.104,1,"PTCH1","Not Significant"
0.142766893152678,0.284622694491836,0.156,0.143,1,"TFEB","Not Significant"
0.144715009743447,-0.337418879636418,0.136,0.148,1,"DDX19A","Not Significant"
0.145181765346565,0.486565704686851,0.143,0.131,1,"NARFL","Not Significant"
0.146106458481634,-0.326132972362954,0.089,0.1,1,"POLD3","Not Significant"
0.146863794611943,-0.274734638622726,0.128,0.139,1,"ISOC1","Not Significant"
0.150018413518142,-0.329064133520472,0.11,0.121,1,"SUGP1","Not Significant"
0.151143016226183,0.345199670070882,0.179,0.165,1,"RAB35","Not Significant"
0.1542146238259,-0.251114307928344,0.133,0.144,1,"USP40","Not Significant"
0.154608358727947,0.269326946783228,0.179,0.165,1,"RP11-295G20.2","Not Significant"
0.158247519488694,-0.32209725786881,0.132,0.143,1,"KMT5C","Not Significant"
0.160317284440117,0.250850438886487,0.331,0.324,1,"PAICS","Not Significant"
0.161114040815212,0.385616160224487,0.11,0.099,1,"LINC01588","Not Significant"
0.163227019050205,-0.593635439986966,0.097,0.107,1,"IFT74","Not Significant"
0.166800027113057,-0.26662299379015,0.229,0.238,1,"SLC30A7","Not Significant"
0.168904967239502,0.311404262548687,0.15,0.137,1,"CYB5R4","Not Significant"
0.172379904785463,0.398948626750403,0.174,0.161,1,"ZDHHC21","Not Significant"
0.172664302372388,0.288342577076093,0.143,0.131,1,"GATC","Not Significant"
0.175174694140455,0.274048162065842,0.153,0.14,1,"CCDC94","Not Significant"
0.175680870457309,0.254099239596073,0.106,0.095,1,"AEN","Not Significant"
0.176844789612024,0.3209314393401,0.134,0.123,1,"TMC8","Not Significant"
0.177652094559706,-0.280848126353304,0.09,0.101,1,"TMEM209","Not Significant"
0.178490758326835,0.30637751729907,0.15,0.137,1,"TRIM11","Not Significant"
0.178535311048273,0.251217705489941,0.134,0.122,1,"FAM217B","Not Significant"
0.178756532364771,0.336112629205562,0.129,0.117,1,"IFIT3","Not Significant"
0.180959263560326,-0.406800044639037,0.12,0.131,1,"HDAC6","Not Significant"
0.181810578071236,0.312819844375897,0.106,0.096,1,"ERN1","Not Significant"
0.182662763871415,-0.278933981587856,0.113,0.123,1,"ATG14","Not Significant"
0.187955906299019,-0.280277026807088,0.109,0.119,1,"GRAMD3","Not Significant"
0.188062235314858,0.301382087526898,0.101,0.09,1,"MTHFR","Not Significant"
0.188870331812764,0.390386599215514,0.154,0.143,1,"ZNF397","Not Significant"
0.18939420636724,0.352241449862959,0.222,0.21,1,"ZNF688","Not Significant"
0.191212115370229,0.32746387841015,0.134,0.121,1,"CSTF1","Not Significant"
0.194020711677517,0.33081970723378,0.135,0.123,1,"FBXW7","Not Significant"
0.195445507295947,-0.40528110604286,0.095,0.104,1,"HOXA5","Not Significant"
0.195919255260787,-0.26352364901118,0.096,0.105,1,"HOXB4","Not Significant"
0.196076740125052,0.289492904513871,0.133,0.121,1,"SAMD1","Not Significant"
0.196639211031978,0.326978387646616,0.116,0.105,1,"CASP8AP2","Not Significant"
0.197692245623422,-0.492761054125908,0.107,0.116,1,"SMOX","Not Significant"
0.198648039807134,0.433163012409695,0.14,0.129,1,"ITGB8","Not Significant"
0.198793679569856,0.313951881977178,0.121,0.11,1,"TARS2","Not Significant"
0.19990971256045,0.281544149143217,0.166,0.153,1,"HIPK2","Not Significant"
0.199955963720225,0.281423713164145,0.215,0.202,1,"POLR3K","Not Significant"
0.201181765871619,-0.329460707277959,0.105,0.115,1,"FAH","Not Significant"
0.202705705826889,0.312043324490302,0.107,0.097,1,"PHF12","Not Significant"
0.204825495035936,0.34981656931227,0.124,0.113,1,"PRKCD","Not Significant"
0.205137810087733,0.345203413606695,0.24,0.228,1,"MECP2","Not Significant"
0.20757499082957,0.418007441914616,0.227,0.221,1,"TNFAIP8","Not Significant"
0.20938925729915,0.296661380488005,0.331,0.316,1,"DAAM1","Not Significant"
0.213819513999079,0.329377322755563,0.101,0.091,1,"HACL1","Not Significant"
0.217542547402808,0.312228942201535,0.133,0.122,1,"DCLRE1C","Not Significant"
0.220169298137885,0.361393793394801,0.135,0.125,1,"ATPAF2","Not Significant"
0.220836210346863,0.347065528421711,0.132,0.12,1,"MAU2","Not Significant"
0.221559267868041,0.375920005525909,0.189,0.178,1,"SMAD3","Not Significant"
0.224197935117925,0.361274884418535,0.144,0.132,1,"TERF2","Not Significant"
0.224535504608542,0.410705974189224,0.216,0.209,1,"ORAI2","Not Significant"
0.224658796579711,-0.25589788721347,0.112,0.121,1,"EXOSC2","Not Significant"
0.225631370936717,0.371818150716896,0.223,0.213,1,"PSIP1","Not Significant"
0.22812653245828,0.40811746759848,0.107,0.098,1,"RFX5","Not Significant"
0.228352200006854,0.407246344404453,0.144,0.134,1,"ALDH16A1","Not Significant"
0.23093880905712,1.03792801030828,0.254,0.258,1,"JCHAIN","Not Significant"
0.231181535160562,0.408559881267016,0.173,0.167,1,"ARHGAP24","Not Significant"
0.23347609459455,0.338318564947704,0.171,0.16,1,"LYST","Not Significant"
0.235276064439473,0.367916872078634,0.194,0.184,1,"TLE1","Not Significant"
0.235278660224928,-0.321915308136432,0.109,0.118,1,"UBE2D4","Not Significant"
0.23535392531063,0.350843934160819,0.106,0.097,1,"FAM21C","Not Significant"
0.236291763167715,0.286329893408178,0.123,0.113,1,"METTL16","Not Significant"
0.23694529773402,0.387781050017536,0.14,0.132,1,"ALOX5AP","Not Significant"
0.237691801274847,0.411962801466211,0.126,0.116,1,"DMXL1","Not Significant"
0.239158595604633,0.266523989336365,0.108,0.119,1,"TCTA","Not Significant"
0.241153237454822,0.324443324976336,0.138,0.128,1,"CKAP5","Not Significant"
0.242805670625447,0.38230590057301,0.123,0.114,1,"IDE","Not Significant"
0.243633990086568,0.414071103380481,0.151,0.141,1,"APOC1","Not Significant"
0.246292287776534,0.32342267864275,0.169,0.157,1,"KLHL36","Not Significant"
0.248331510466916,0.357652448717005,0.102,0.093,1,"MCCC1","Not Significant"
0.257456764934012,0.493773189444126,0.557,0.657,1,"IFI6","Not Significant"
0.260582371832097,0.335751576146667,0.163,0.152,1,"TICAM1","Not Significant"
0.261761158148101,0.339140850353065,0.124,0.114,1,"LMNB2","Not Significant"
0.263624340354819,0.319238956299461,0.118,0.109,1,"FAM188A","Not Significant"
0.267552589717499,0.25569402798386,0.194,0.185,1,"CLIP2","Not Significant"
0.26821399072374,-0.447374832593517,0.255,0.267,1,"NR4A1","Not Significant"
0.26851055648849,0.262608140756423,0.131,0.121,1,"TFB2M","Not Significant"
0.268511744413182,-0.47153985870641,0.106,0.114,1,"HOXA11-AS","Not Significant"
0.275560203218458,0.252736865989081,0.183,0.172,1,"ZMYM5","Not Significant"
0.276842143703134,0.29794514531905,0.157,0.146,1,"KIAA1429","Not Significant"
0.27768381273877,0.274691461726045,0.135,0.125,1,"RGS14","Not Significant"
0.282615815691981,0.349211928801029,0.129,0.119,1,"EIF1AD","Not Significant"
0.295018011309203,0.250190686871905,0.117,0.108,1,"FCER1G","Not Significant"
0.296801507776707,0.32924502726194,0.171,0.16,1,"ERAP1","Not Significant"
0.300207674554196,0.258569247292688,0.108,0.118,1,"RAD17","Not Significant"
0.302190892294606,-0.338299161783721,0.171,0.177,1,"TDRD3","Not Significant"
0.30322404033863,0.291269034970479,0.13,0.121,1,"HDHD2","Not Significant"
0.304017153507602,0.412695628826609,0.197,0.22,1,"ETS1","Not Significant"
0.311305052707237,0.331306279596498,0.174,0.165,1,"TMEM19","Not Significant"
0.31477270288505,0.251233295075618,0.471,0.477,1,"MOB1A","Not Significant"
0.315153188132386,0.371029541802941,0.125,0.116,1,"LRIF1","Not Significant"
0.317127589954222,0.643451467923482,0.148,0.144,1,"EMB","Not Significant"
0.319046232422869,0.264013630334669,0.241,0.231,1,"CNPPD1","Not Significant"
0.319513610753295,0.331716613441064,0.172,0.165,1,"MDM2","Not Significant"
0.320867205605505,0.319481766796547,0.247,0.242,1,"SWAP70","Not Significant"
0.322693440287482,0.374707124026543,0.147,0.138,1,"DTNBP1","Not Significant"
0.322998159952839,-0.299363476260176,0.116,0.124,1,"GCLM","Not Significant"
0.326136434748111,0.354380689870726,0.171,0.163,1,"FAM13A","Not Significant"
0.328811500424053,0.252280019533453,0.498,0.497,1,"LSM14A","Not Significant"
0.336416201262846,0.265069753485637,0.298,0.29,1,"BIN1","Not Significant"
0.337503926157387,0.491703741841362,0.31,0.311,1,"TMEM243","Not Significant"
0.340596379162041,0.257972539573683,0.279,0.269,1,"LNPEP","Not Significant"
0.346006195195412,-0.292936397597979,0.221,0.226,1,"GAN","Not Significant"
0.346110902596471,0.359071281350205,0.143,0.135,1,"CENPC","Not Significant"
0.356446610879878,0.257552565883402,0.157,0.147,1,"TRPM7","Not Significant"
0.362272663875826,-0.289800735038523,0.167,0.174,1,"HOXB3","Not Significant"
0.362952195673577,0.314980397010296,0.283,0.274,1,"HSPA4","Not Significant"
0.366916350074493,-0.285811804116577,0.148,0.137,1,"ARL14","Not Significant"
0.369559707957399,0.278676152749706,0.201,0.192,1,"AKAP17A","Not Significant"
0.386322322924354,-0.364469788716785,0.135,0.124,1,"CXCL2","Not Significant"
0.38846900146851,0.285945582513665,0.151,0.144,1,"RAP1GDS1","Not Significant"
0.389281148156949,0.309226763476631,0.149,0.142,1,"GCN1","Not Significant"
0.405600005051656,-0.333376236000563,0.109,0.115,1,"PCCA","Not Significant"
0.406809125362725,0.280977507052184,0.108,0.101,1,"L3MBTL2","Not Significant"
0.41514692906995,0.267990978667156,0.3,0.296,1,"SHKBP1","Not Significant"
0.417329452394001,0.259006711793865,0.461,0.474,1,"SP100","Not Significant"
0.427533651696958,0.263883754881624,0.143,0.136,1,"IQCB1","Not Significant"
0.435544562845402,0.254928377925686,0.131,0.125,1,"ST20","Not Significant"
0.441047025160212,0.261926471072343,0.171,0.167,1,"AC004556.1","Not Significant"
0.443211286996181,0.27100619215662,0.116,0.125,1,"PXK","Not Significant"
0.456712490215153,0.299761697483442,0.284,0.279,1,"NIPA2","Not Significant"
0.45796126772748,-0.285176615930082,0.104,0.108,1,"GPSM2","Not Significant"
0.459885914344632,0.467920791931809,0.119,0.129,1,"SLC15A4","Not Significant"
0.46032404990513,-0.543269644932287,0.247,0.243,1,"EHF","Not Significant"
0.463790992709872,0.322975607859906,0.119,0.113,1,"USP4","Not Significant"
0.473200427124316,0.261302292156985,0.104,0.098,1,"ACAD9","Not Significant"
0.475003518726053,-0.259995852163392,0.239,0.24,1,"DOCK5","Not Significant"
0.477763624677417,0.326873025153844,0.105,0.1,1,"NEK8","Not Significant"
0.481478964956877,0.575737983971751,0.12,0.117,1,"LINC00936","Not Significant"
0.48403759299968,0.311367280602646,0.176,0.17,1,"MRPL39","Not Significant"
0.486518780316152,0.264283384675416,0.163,0.157,1,"NUTM2A-AS1","Not Significant"
0.488599899013058,0.29257691273421,0.202,0.197,1,"NABP1","Not Significant"
0.502978808442726,0.280080043543461,0.165,0.161,1,"RGS19","Not Significant"
0.51442017950579,0.466821229136249,0.154,0.151,1,"SERTAD2","Not Significant"
0.521728114527277,0.327046043073979,0.217,0.232,1,"CYB561A3","Not Significant"
0.525130798761936,0.778104061268506,0.165,0.16,1,"MT1G","Not Significant"
0.529589084738494,0.456081533244137,0.129,0.125,1,"FAM179B","Not Significant"
0.546414766502383,0.316306319148735,0.188,0.198,1,"RRAS2","Not Significant"
0.552893100029273,-0.285321770423847,0.153,0.156,1,"TNNC2","Not Significant"
0.569245101387495,-0.504211761514139,0.123,0.127,1,"SORBS2","Not Significant"
0.571726230310478,-0.254702130583133,0.144,0.146,1,"LMTK3","Not Significant"
0.580309270326798,0.26808548465588,0.108,0.103,1,"DHTKD1","Not Significant"
0.58384227580453,0.257744709437949,0.129,0.123,1,"SIN3A","Not Significant"
0.583851707936537,0.533060716779165,0.305,0.299,1,"DEFB1","Not Significant"
0.58687017386743,0.258354011347053,0.163,0.16,1,"WDR73","Not Significant"
0.596691271234524,0.278323457620512,0.188,0.185,1,"PARP10","Not Significant"
0.60286591432024,-0.252055182265092,0.104,0.108,1,"ZNF205","Not Significant"
0.604686745576494,0.2612588822225,0.13,0.126,1,"AASDH","Not Significant"
0.61399841423185,0.28489020712721,0.106,0.112,1,"SNX29","Not Significant"
0.616546522651799,0.2964521749362,0.116,0.112,1,"PEX5","Not Significant"
0.624145414117214,-0.278904401105799,0.137,0.141,1,"SLC22A18AS","Not Significant"
0.629370384212758,0.37935717298884,0.106,0.103,1,"DDHD1","Not Significant"
0.638510262066856,0.253805166772687,0.107,0.103,1,"GPS2","Not Significant"
0.661278001909104,0.265796503103381,0.11,0.106,1,"VTI1A","Not Significant"
0.671608586448652,0.331851220438003,0.102,0.105,1,"MIS12","Not Significant"
0.688251937764549,0.263688714129643,0.149,0.146,1,"FAM215B","Not Significant"
0.692694195990826,0.371300379878259,0.13,0.127,1,"TMCC1","Not Significant"
0.69791787978709,-0.254047294913524,0.107,0.109,1,"ADNP2","Not Significant"
0.698400291992486,0.83001827391806,0.115,0.122,1,"GABRP","Not Significant"
0.700393214812953,-0.8222950220847,0.159,0.159,1,"EGFR","Not Significant"
0.701533868321401,0.266833330380791,0.112,0.116,1,"PRMT9","Not Significant"
0.702624965976898,-0.365712376494193,0.213,0.211,1,"ARHGAP32","Not Significant"
0.705989647938077,0.380434734466041,0.268,0.276,1,"FNBP1","Not Significant"
0.709034548790554,0.340743763637295,0.109,0.107,1,"OGG1","Not Significant"
0.713469427624413,0.297885668330131,0.335,0.342,1,"IFITM1","Not Significant"
0.715714190522397,0.271527592319054,0.247,0.244,1,"MTF2","Not Significant"
0.735937574349209,0.276737636921924,0.19,0.189,1,"CEPT1","Not Significant"
0.737047923180927,0.297124884761991,0.102,0.105,1,"RIN3","Not Significant"
0.738993453095123,0.258291592939775,0.138,0.144,1,"ESCO1","Not Significant"
0.744845164697127,0.277808394036711,0.157,0.154,1,"EIF3J-AS1","Not Significant"
0.767139770339511,0.360280652902681,0.136,0.136,1,"PIP4K2A","Not Significant"
0.790677596758288,0.673249633017129,0.128,0.128,1,"BCL7A","Not Significant"
0.790798040804221,0.392242875386339,0.111,0.11,1,"STK10","Not Significant"
0.793109161456016,0.256733011989782,0.107,0.105,1,"ARMC7","Not Significant"
0.802694935762166,0.355817099093594,0.256,0.263,1,"CCND3","Not Significant"
0.8195966234824,0.561784391599192,0.23,0.233,1,"IL4R","Not Significant"
0.844876316023259,0.275599815465407,0.132,0.13,1,"CCBL2","Not Significant"
0.851201690342337,0.369000945699369,0.182,0.191,1,"SEPT1","Not Significant"
0.866049507457971,0.303646121532165,0.151,0.155,1,"TRMT13","Not Significant"
0.867840067387108,-0.254619357797388,0.121,0.121,1,"TLDC1","Not Significant"
0.887854563656086,0.356648659374306,0.181,0.182,1,"ADK","Not Significant"
0.891388574088587,0.267329607358581,0.24,0.246,1,"ATM","Not Significant"
0.896465136284107,0.260466787684672,0.287,0.296,1,"MBD4","Not Significant"
0.900211633359686,0.350808109763069,0.222,0.23,1,"EVL","Not Significant"
0.910331284014632,1.35947931678752,0.382,0.499,1,"IGHA1","Not Significant"
0.925429896530596,0.333353113528799,0.153,0.158,1,"CD40","Not Significant"
0.938599789269673,0.617686580149293,0.862,0.888,1,"IGKC","Not Significant"
0.971233220029083,-0.260354857310128,0.102,0.101,1,"NR2C2","Not Significant"
0.991950649117515,0.32416283210101,0.193,0.197,1,"SYNRG","Not Significant"
0.995892463360196,0.279535282854831,0.126,0.126,1,"RP11-83A24.2","Not Significant"
